area,path,title,description,product,words,updated
"README.md","README.md","Auric Artisan Docs","The complete user documentation for Auric Artisan — the website and its tools, the VS Code extensions, the browser extension and the services.","Auric Artisan","634","2026-09-25"
"getting-started","getting-started/README.md","Getting started with Auric Artisan","Where to begin with Auric Artisan — what it is, how its parts fit together, and the first things to set up.","Getting started","327","2026-09-25"
"getting-started","getting-started/choose-where-to-start.md","Choose where to start","A goal-by-goal map from what you want to do to the Auric Artisan tool or product that does it.","Getting started","813","2026-09-25"
"getting-started","getting-started/create-an-account.md","Create an account (optional)","What works without an Auric Artisan account, what an account adds, and the short version of signing up.","Getting started","484","2026-09-25"
"getting-started","getting-started/first-hour-tour.md","Your first hour","A guided first hour on the website — finding your way, a first contrast check, a colour ramp with tokens, a page audit, vision simulation, saving work and setting preferences.","Getting started","896","2026-09-25"
"getting-started","getting-started/free-tools-model.md","The free-tools model","Why every Auric Artisan tool is free on every plan, what the paid plans add instead, and how plan passes are sold.","Getting started","488","2026-09-25"
"getting-started","getting-started/how-the-pieces-fit.md","How the pieces fit","What runs in your browser, what runs on a server, what the account connects, and how the website, extensions and services relate.","Getting started","755","2026-09-25"
"getting-started","getting-started/language.md","Language: English and Hindi","How to switch the Auric Artisan website between English and Hindi, how the choice is remembered, and what to expect in Hindi.","Getting started","405","2026-09-25"
"getting-started","getting-started/light-and-dark-theme.md","Light and dark theme","How to choose Light, Dark or System theme on the Auric Artisan website, and how the choice is remembered.","Getting started","238","2026-09-25"
"getting-started","getting-started/offline-use.md","Offline use","Install the Auric Artisan website as an app and prepare it to keep working without a network connection.","Getting started","502","2026-09-25"
"getting-started","getting-started/privacy-basics.md","Privacy basics","What Auric Artisan keeps in your browser, what it sends to a server, how the cookie choice works, and where to read the full policies.","Getting started","664","2026-09-25"
"getting-started","getting-started/what-is-auric-artisan.md","What Auric Artisan is","A plain overview of the Auric Artisan website, its tools and libraries, the VS Code extensions, the browser extension and the developer services.","Getting started","838","2026-09-25"
"website","website/README.md","The website","A map of everything on auricartisan.com — the site-wide features, the tools, the kits, the library, the portfolio builder, search, your account and the company pages.","Website","442","2026-09-25"
"website","website/site-features/README.md","Site features","An overview of the controls, panels and helpers that appear on every page of auricartisan.com, with links to each feature's guide.","Website › Site features","668","2026-09-25"
"website","website/site-features/accessibility-aids/README.md","Accessibility aids","The site-wide aids that make Auric Artisan easier to read, see and use: reading mode, text size, contrast, motion, keyboard access and more.","Website › Site features › Accessibility aids","398","2026-09-25"
"website","website/site-features/accessibility-aids/docs/README.md","Accessibility aids guides","Contents of the accessibility aids guides.","Website › Site features › Accessibility aids","83","2026-09-25"
"website","website/site-features/accessibility-aids/docs/getting-started.md","Get started with the accessibility aids","Set up the site's text size, contrast, motion, transparency, link and pointer options for your needs.","Website › Site features › Accessibility aids","323","2026-09-25"
"website","website/site-features/accessibility-aids/docs/keyboard-and-screen-readers.md","Keyboard and screen readers","How the site supports keyboard-only use and screen readers, from the skip link to dialogs and announcements.","Website › Site features › Accessibility aids","426","2026-09-25"
"website","website/site-features/accessibility-aids/docs/reading-mode.md","Reading mode","Turn reading mode on and off, and understand what it changes on the page.","Website › Site features › Accessibility aids","288","2026-09-25"
"website","website/site-features/accessibility-aids/docs/reference.md","Accessibility aids reference","Every accessibility aid on the site, where to find it, its shortcut and its default.","Website › Site features › Accessibility aids","312","2026-09-25"
"website","website/site-features/accessibility-aids/docs/troubleshooting.md","Troubleshooting the accessibility aids","Fixes for common problems with the accessibility aids.","Website › Site features › Accessibility aids","218","2026-09-25"
"website","website/site-features/accessibility-aids/docs/faq.md","Accessibility aids FAQ","Short answers about the site's accessibility aids.","Website › Site features › Accessibility aids","122","2026-09-25"
"website","website/site-features/accessibility-aids/others/README.md","Accessibility aids: supporting material","Contents of the accessibility aids supporting files.","Website › Site features › Accessibility aids","51","2026-09-25"
"website","website/site-features/accessibility-aids/others/glossary.md","Accessibility aids glossary","Terms used in the accessibility aids guides.","Website › Site features › Accessibility aids","150","2026-09-25"
"website","website/site-features/accessibility-aids/others/privacy.md","Accessibility aids privacy","What the accessibility aids store.","Website › Site features › Accessibility aids","71","2026-09-25"
"website","website/site-features/accessibility-aids/others/related.md","Related to the accessibility aids","Features and pages related to the accessibility aids.","Website › Site features › Accessibility aids","64","2026-09-25"
"website","website/site-features/context-menu/README.md","Right-click menu","What the site's own right-click menu does, how it adapts to what you clicked, and how to switch back to your browser's menu.","Website › Site features › Right-click menu","616","2026-09-25"
"website","website/site-features/context-menu/docs/README.md","Right-click menu guides","Contents of the right-click menu guides.","Website › Site features › Right-click menu","170","2026-09-25"
"website","website/site-features/context-menu/docs/getting-started.md","Get started with the right-click menu","Open the site's right-click menu, learn its parts, and run your first actions.","Website › Site features › Right-click menu","591","2026-09-25"
"website","website/site-features/context-menu/docs/actions-for-what-you-clicked.md","Actions for what you clicked","How the menu decides what you clicked, and the actions it offers for a page, a link, an image, a selection and a colour.","Website › Site features › Right-click menu","1414","2026-09-25"
"website","website/site-features/context-menu/docs/filter-and-keyboard.md","Filter and keyboard","Find any action by typing, and use the right-click menu entirely from the keyboard.","Website › Site features › Right-click menu","468","2026-09-25"
"website","website/site-features/context-menu/docs/menu-preferences.md","Menu preferences and turning it off","Change the right-click menu's layout and row height, and make your browser's own menu the default.","Website › Site features › Right-click menu","457","2026-09-25"
"website","website/site-features/context-menu/docs/other-right-click-menus.md","Other right-click menus on the site","The smaller right-click menus that some parts of the site show instead of the main menu.","Website › Site features › Right-click menu","512","2026-09-25"
"website","website/site-features/context-menu/docs/quick-bar-and-pinning.md","Quick bar and pinning","Pin your most-used actions to the quick bar at the top of the right-click menu, unpin them, and reset the bar.","Website › Site features › Right-click menu","392","2026-09-25"
"website","website/site-features/context-menu/docs/reference.md","Right-click menu reference","Every part, action, shortcut, preference and message of the site's right-click menu.","Website › Site features › Right-click menu","1358","2026-09-25"
"website","website/site-features/context-menu/docs/troubleshooting.md","Troubleshooting the right-click menu","Fixes for common problems with the site's right-click menu.","Website › Site features › Right-click menu","557","2026-09-25"
"website","website/site-features/context-menu/docs/faq.md","Right-click menu FAQ","Short answers to common questions about the site's right-click menu.","Website › Site features › Right-click menu","267","2026-09-25"
"website","website/site-features/context-menu/others/README.md","Right-click menu: supporting material","Contents of the right-click menu's supporting files.","Website › Site features › Right-click menu","82","2026-09-25"
"website","website/site-features/context-menu/others/shortcuts.md","Right-click menu shortcuts","Keyboard shortcuts for opening the right-click menu, moving around it, and running its site-wide actions.","Website › Site features › Right-click menu","246","2026-09-25"
"website","website/site-features/context-menu/others/glossary.md","Right-click menu glossary","Terms used by the right-click menu and its guides.","Website › Site features › Right-click menu","269","2026-09-25"
"website","website/site-features/context-menu/others/privacy.md","Right-click menu privacy","What the right-click menu stores and which of its actions use the network.","Website › Site features › Right-click menu","212","2026-09-25"
"website","website/site-features/context-menu/others/release-notes.md","Right-click menu release notes","User-facing history of the site's right-click menu.","Website › Site features › Right-click menu","101","2026-09-25"
"website","website/site-features/context-menu/others/related.md","Related to the right-click menu","Features, tools and pages related to the site's right-click menu.","Website › Site features › Right-click menu","132","2026-09-25"
"website","website/site-features/cookie-consent-and-privacy/README.md","Cookie consent and privacy choices","The cookie notice, the four cookie categories, and how to accept, reject, customise or withdraw your choice.","Website › Site features › Cookie consent and privacy","329","2026-09-25"
"website","website/site-features/cookie-consent-and-privacy/docs/README.md","Cookie consent guides","Contents of the cookie consent guides.","Website › Site features › Cookie consent and privacy","66","2026-09-25"
"website","website/site-features/cookie-consent-and-privacy/docs/getting-started.md","Get started with cookie consent","What the cookie consent bar says, and what each of its buttons does.","Website › Site features › Cookie consent and privacy","350","2026-09-25"
"website","website/site-features/cookie-consent-and-privacy/docs/manage-cookie-preferences.md","Manage your cookie preferences","Change, save, clear or withdraw your cookie choices on the Cookie Policy page.","Website › Site features › Cookie consent and privacy","323","2026-09-25"
"website","website/site-features/cookie-consent-and-privacy/docs/reference.md","Cookie consent reference","The cookie categories, every listed cookie, the consent controls and their messages.","Website › Site features › Cookie consent and privacy","501","2026-09-25"
"website","website/site-features/cookie-consent-and-privacy/docs/troubleshooting.md","Troubleshooting cookie consent","Fixes for common problems with the cookie notice and preferences.","Website › Site features › Cookie consent and privacy","214","2026-09-25"
"website","website/site-features/cookie-consent-and-privacy/docs/faq.md","Cookie consent FAQ","Short answers about cookies and privacy choices on Auric Artisan.","Website › Site features › Cookie consent and privacy","157","2026-09-25"
"website","website/site-features/cookie-consent-and-privacy/others/README.md","Cookie consent: supporting material","Contents of the cookie consent supporting files.","Website › Site features › Cookie consent and privacy","44","2026-09-25"
"website","website/site-features/cookie-consent-and-privacy/others/glossary.md","Cookie consent glossary","Terms used in the cookie consent guides.","Website › Site features › Cookie consent and privacy","167","2026-09-25"
"website","website/site-features/cookie-consent-and-privacy/others/privacy.md","What the site measures","What the site measures with and without your consent, and how browser privacy signals are respected.","Website › Site features › Cookie consent and privacy","235","2026-09-25"
"website","website/site-features/cookie-consent-and-privacy/others/related.md","Related to cookie consent","Policies and features related to cookie consent.","Website › Site features › Cookie consent and privacy","64","2026-09-25"
"website","website/site-features/custom-cursor/README.md","Custom cursor","The ring-and-dot pointer that follows your mouse on Auric Artisan, the shapes it takes, and how to turn it off.","Website › Site features › Custom cursor","337","2026-09-25"
"website","website/site-features/custom-cursor/docs/README.md","Custom cursor guides","Contents of the custom cursor guides.","Website › Site features › Custom cursor","53","2026-09-25"
"website","website/site-features/custom-cursor/docs/getting-started.md","Get started with the custom cursor","How the custom cursor behaves, when it is hidden, and how to turn it off.","Website › Site features › Custom cursor","290","2026-09-25"
"website","website/site-features/custom-cursor/docs/reference.md","Custom cursor reference","Every shape and effect of the custom cursor, and where each appears.","Website › Site features › Custom cursor","370","2026-09-25"
"website","website/site-features/custom-cursor/docs/troubleshooting.md","Troubleshooting the custom cursor","Fixes for common custom cursor problems.","Website › Site features › Custom cursor","222","2026-09-25"
"website","website/site-features/custom-cursor/docs/faq.md","Custom cursor FAQ","Short answers about the custom cursor.","Website › Site features › Custom cursor","129","2026-09-25"
"website","website/site-features/custom-cursor/others/README.md","Custom cursor: supporting material","Contents of the custom cursor supporting files.","Website › Site features › Custom cursor","57","2026-09-25"
"website","website/site-features/custom-cursor/others/glossary.md","Custom cursor glossary","Terms used in the custom cursor guides.","Website › Site features › Custom cursor","97","2026-09-25"
"website","website/site-features/custom-cursor/others/privacy.md","Custom cursor privacy","What the custom cursor reads and stores.","Website › Site features › Custom cursor","52","2026-09-25"
"website","website/site-features/custom-cursor/others/related.md","Related to the custom cursor","Features related to the custom cursor.","Website › Site features › Custom cursor","49","2026-09-25"
"website","website/site-features/eye-rest/README.md","Eye rest","Optional reminders that invite you to look away from the screen for a few seconds, on a schedule you choose.","Website › Site features › Eye rest","340","2026-09-25"
"website","website/site-features/eye-rest/docs/README.md","Eye rest guides","Contents of the eye rest guides.","Website › Site features › Eye rest","62","2026-09-25"
"website","website/site-features/eye-rest/docs/getting-started.md","Get started with eye rest","Turn eye-rest reminders on, choose the interval, and turn them off again.","Website › Site features › Eye rest","231","2026-09-25"
"website","website/site-features/eye-rest/docs/the-reminder-and-the-rest.md","The reminder and the rest","What the eye-rest reminder card offers, how to change its timings, and what happens during and after a rest.","Website › Site features › Eye rest","428","2026-09-25"
"website","website/site-features/eye-rest/docs/reference.md","Eye rest reference","Every eye-rest control, value, default and message.","Website › Site features › Eye rest","390","2026-09-25"
"website","website/site-features/eye-rest/docs/troubleshooting.md","Troubleshooting eye rest","Fixes for common eye-rest problems.","Website › Site features › Eye rest","233","2026-09-25"
"website","website/site-features/eye-rest/docs/faq.md","Eye rest FAQ","Short answers about eye-rest reminders.","Website › Site features › Eye rest","174","2026-09-25"
"website","website/site-features/eye-rest/others/README.md","Eye rest: supporting material","Contents of the eye rest supporting files.","Website › Site features › Eye rest","64","2026-09-25"
"website","website/site-features/eye-rest/others/glossary.md","Eye rest glossary","Terms used in the eye rest guides.","Website › Site features › Eye rest","147","2026-09-25"
"website","website/site-features/eye-rest/others/limits-and-accuracy.md","Eye rest limits and accuracy","What eye rest does, what it does not do, and how precise its timings are.","Website › Site features › Eye rest","145","2026-09-25"
"website","website/site-features/eye-rest/others/privacy.md","Eye rest privacy","What eye rest stores and sends.","Website › Site features › Eye rest","77","2026-09-25"
"website","website/site-features/eye-rest/others/related.md","Related to eye rest","Features related to eye rest.","Website › Site features › Eye rest","58","2026-09-25"
"website","website/site-features/feedback/README.md","Feedback","The occasional feedback prompt, the quick star rating, the six-question survey and bug reports, and how often the site asks.","Website › Site features › Feedback","364","2026-09-25"
"website","website/site-features/feedback/docs/README.md","Feedback guides","Contents of the feedback guides.","Website › Site features › Feedback","66","2026-09-25"
"website","website/site-features/feedback/docs/getting-started.md","Get started with feedback","When the feedback prompt appears, and how to answer it, postpone it or stop it.","Website › Site features › Feedback","261","2026-09-25"
"website","website/site-features/feedback/docs/rate-survey-and-report.md","Rate, survey and report a bug","Give a quick rating, choose whether to be contacted, answer the survey, or report a bug.","Website › Site features › Feedback","667","2026-09-25"
"website","website/site-features/feedback/docs/reference.md","Feedback reference","Every feedback screen, button, timing and message.","Website › Site features › Feedback","474","2026-09-25"
"website","website/site-features/feedback/docs/troubleshooting.md","Troubleshooting feedback","Fixes for common feedback problems.","Website › Site features › Feedback","184","2026-09-25"
"website","website/site-features/feedback/docs/faq.md","Feedback FAQ","Short answers about giving feedback on Auric Artisan.","Website › Site features › Feedback","132","2026-09-25"
"website","website/site-features/feedback/others/README.md","Feedback: supporting material","Contents of the feedback supporting files.","Website › Site features › Feedback","55","2026-09-25"
"website","website/site-features/feedback/others/glossary.md","Feedback glossary","Terms used in the feedback guides.","Website › Site features › Feedback","125","2026-09-25"
"website","website/site-features/feedback/others/privacy.md","Feedback privacy","What feedback sends to Auric Artisan and what it keeps on your device.","Website › Site features › Feedback","128","2026-09-25"
"website","website/site-features/feedback/others/related.md","Related to feedback","Features and pages related to feedback.","Website › Site features › Feedback","41","2026-09-25"
"website","website/site-features/guide-and-page-outline/README.md","Guide and page outline","The page guide opened with ?, its guided tours, and the section rail on long company, legal and trust pages.","Website › Site features › Guide and page outline","457","2026-09-25"
"website","website/site-features/guide-and-page-outline/docs/README.md","Guide and page outline guides","Contents of the guide and page outline documentation.","Website › Site features › Guide and page outline","81","2026-09-25"
"website","website/site-features/guide-and-page-outline/docs/getting-started.md","Get started with the guide","Open the page guide, learn its sections, and filter it.","Website › Site features › Guide and page outline","491","2026-09-25"
"website","website/site-features/guide-and-page-outline/docs/guided-tours.md","Guided tours","Take a guided tour of any page, move through its stops, leave, resume, replay and skip.","Website › Site features › Guide and page outline","543","2026-09-25"
"website","website/site-features/guide-and-page-outline/docs/section-rail.md","The section rail","Use the ""On this page"" section rail on long company, pricing, legal and trust pages.","Website › Site features › Guide and page outline","277","2026-09-25"
"website","website/site-features/guide-and-page-outline/docs/reference.md","Guide and page outline reference","Every part, control, key and message of the guide, the tours and the section rail.","Website › Site features › Guide and page outline","619","2026-09-25"
"website","website/site-features/guide-and-page-outline/docs/troubleshooting.md","Troubleshooting the guide and section rail","Fixes for common problems with the guide, tours and section rail.","Website › Site features › Guide and page outline","254","2026-09-25"
"website","website/site-features/guide-and-page-outline/docs/faq.md","Guide and page outline FAQ","Short answers about the guide, tours and section rail.","Website › Site features › Guide and page outline","150","2026-09-25"
"website","website/site-features/guide-and-page-outline/others/README.md","Guide and page outline: supporting material","Contents of the guide and page outline supporting files.","Website › Site features › Guide and page outline","48","2026-09-25"
"website","website/site-features/guide-and-page-outline/others/shortcuts.md","Guide and tour shortcuts","Keys for the guide and guided tours.","Website › Site features › Guide and page outline","99","2026-09-25"
"website","website/site-features/guide-and-page-outline/others/glossary.md","Guide and page outline glossary","Terms used in the guide and page outline guides.","Website › Site features › Guide and page outline","128","2026-09-25"
"website","website/site-features/guide-and-page-outline/others/privacy.md","Guide privacy","What the guide remembers.","Website › Site features › Guide and page outline","57","2026-09-25"
"website","website/site-features/guide-and-page-outline/others/related.md","Related to the guide and outlines","Features related to the guide and outlines.","Website › Site features › Guide and page outline","64","2026-09-25"
"website","website/site-features/header-and-navigation/README.md","Header and navigation","The site header, its menus and quick tools, the mobile drawer, the page utilities bar and the footer.","Website › Site features › Header and navigation","483","2026-09-25"
"website","website/site-features/header-and-navigation/docs/README.md","Header and navigation guides","Contents of the header and navigation guides.","Website › Site features › Header and navigation","128","2026-09-25"
"website","website/site-features/header-and-navigation/docs/getting-started.md","Get started with the header and navigation","Find your way around the header, the page utilities bar and the footer on any page.","Website › Site features › Header and navigation","373","2026-09-25"
"website","website/site-features/header-and-navigation/docs/desktop-header.md","The desktop header","Use the Company, Tools and Learn menus and the quick-tools icons in the header on wide screens.","Website › Site features › Header and navigation","712","2026-09-25"
"website","website/site-features/header-and-navigation/docs/footer.md","The footer","Every section and link of the footer at the bottom of each page.","Website › Site features › Header and navigation","374","2026-09-25"
"website","website/site-features/header-and-navigation/docs/mobile-drawer.md","The mobile drawer","Use the navigation drawer on phones, tablets and narrow windows, including tool chips, theme and language switches.","Website › Site features › Header and navigation","572","2026-09-25"
"website","website/site-features/header-and-navigation/docs/page-utilities-bar.md","The page utilities bar","Open the launcher bar at the bottom-left of every page to reach the kits, the navigation dock and Settings.","Website › Site features › Header and navigation","353","2026-09-25"
"website","website/site-features/header-and-navigation/docs/reference.md","Header and navigation reference","Every header menu entry, quick tool, drawer control and utilities-bar launcher, with its destination.","Website › Site features › Header and navigation","1189","2026-09-25"
"website","website/site-features/header-and-navigation/docs/troubleshooting.md","Troubleshooting the header and navigation","Fixes for common problems with the header, the drawer, the page utilities bar and the footer.","Website › Site features › Header and navigation","329","2026-09-25"
"website","website/site-features/header-and-navigation/docs/faq.md","Header and navigation FAQ","Short answers about the header, drawer, page utilities bar and footer.","Website › Site features › Header and navigation","174","2026-09-25"
"website","website/site-features/header-and-navigation/others/README.md","Header and navigation: supporting material","Contents of the header and navigation supporting files.","Website › Site features › Header and navigation","69","2026-09-25"
"website","website/site-features/header-and-navigation/others/shortcuts.md","Header and navigation shortcuts","Keyboard shortcuts for the header menus, the drawer and the tools the header opens.","Website › Site features › Header and navigation","166","2026-09-25"
"website","website/site-features/header-and-navigation/others/glossary.md","Header and navigation glossary","Terms used in the header and navigation guides.","Website › Site features › Header and navigation","217","2026-09-25"
"website","website/site-features/header-and-navigation/others/privacy.md","Header and navigation privacy","What the header, drawer and page utilities bar remember, and what they send.","Website › Site features › Header and navigation","117","2026-09-25"
"website","website/site-features/header-and-navigation/others/related.md","Related to the header and navigation","Features and sections related to the header and navigation.","Website › Site features › Header and navigation","131","2026-09-25"
"website","website/site-features/info-bars-and-notices/README.md","Info bars and notices","The welcome, announcement and quick-links bars, the clock strip, hero notice, demo chips, the first-visit welcome and the site's status messages.","Website › Site features › Info bars and notices","433","2026-09-25"
"website","website/site-features/info-bars-and-notices/docs/README.md","Info bars and notices guides","Contents of the info bars and notices guides.","Website › Site features › Info bars and notices","93","2026-09-25"
"website","website/site-features/info-bars-and-notices/docs/getting-started.md","Get started with info bars and notices","What bars and notices appear where, and how to show or hide each one.","Website › Site features › Info bars and notices","244","2026-09-25"
"website","website/site-features/info-bars-and-notices/docs/clock-strip.md","The clock strip","Show a live clock under the header and set its format, date, weekday, zone label and time zone from its own menu.","Website › Site features › Info bars and notices","469","2026-09-25"
"website","website/site-features/info-bars-and-notices/docs/info-bars.md","The info bars","Use the welcome, announcement and quick-links bars, pause them, open their links and hide them.","Website › Site features › Info bars and notices","427","2026-09-25"
"website","website/site-features/info-bars-and-notices/docs/notices-and-messages.md","Notices and status messages","The hero notice, demo chips, first-visit welcome, loading screen, and the short status messages the site shows.","Website › Site features › Info bars and notices","431","2026-09-25"
"website","website/site-features/info-bars-and-notices/docs/reference.md","Info bars and notices reference","Every bar, notice, switch, default, timing and message.","Website › Site features › Info bars and notices","420","2026-09-25"
"website","website/site-features/info-bars-and-notices/docs/troubleshooting.md","Troubleshooting info bars and notices","Fixes for common problems with the info bars, clock strip and notices.","Website › Site features › Info bars and notices","227","2026-09-25"
"website","website/site-features/info-bars-and-notices/docs/faq.md","Info bars and notices FAQ","Short answers about the info bars, clock strip and notices.","Website › Site features › Info bars and notices","140","2026-09-25"
"website","website/site-features/info-bars-and-notices/others/README.md","Info bars and notices: supporting material","Contents of the info bars and notices supporting files.","Website › Site features › Info bars and notices","61","2026-09-25"
"website","website/site-features/info-bars-and-notices/others/glossary.md","Info bars and notices glossary","Terms used in the info bars and notices guides.","Website › Site features › Info bars and notices","136","2026-09-25"
"website","website/site-features/info-bars-and-notices/others/privacy.md","Info bars and notices privacy","What the info bars, clock strip and notices store.","Website › Site features › Info bars and notices","71","2026-09-25"
"website","website/site-features/info-bars-and-notices/others/related.md","Related to info bars and notices","Features related to the info bars and notices.","Website › Site features › Info bars and notices","62","2026-09-25"
"website","website/site-features/keyboard-shortcuts/README.md","Keyboard shortcuts","The master list of keyboard shortcuts for the whole Auric Artisan website.","Website › Site features › Keyboard shortcuts","352","2026-09-25"
"website","website/site-features/keyboard-shortcuts/docs/README.md","Keyboard shortcuts documentation","Contents of the keyboard shortcuts documentation.","Website › Site features › Keyboard shortcuts","42","2026-09-25"
"website","website/site-features/keyboard-shortcuts/docs/reference.md","Keyboard shortcut reference","Every keyboard shortcut on the Auric Artisan website, grouped by where it works.","Website › Site features › Keyboard shortcuts","1016","2026-09-25"
"website","website/site-features/keyboard-shortcuts/docs/troubleshooting.md","Troubleshooting keyboard shortcuts","Why a site shortcut might not work, and what to do.","Website › Site features › Keyboard shortcuts","289","2026-09-25"
"website","website/site-features/keyboard-shortcuts/others/README.md","Keyboard shortcuts: supporting material","Contents of the keyboard shortcuts supporting files.","Website › Site features › Keyboard shortcuts","40","2026-09-25"
"website","website/site-features/keyboard-shortcuts/others/related.md","Related to keyboard shortcuts","Where each group of keyboard shortcuts is explained in detail.","Website › Site features › Keyboard shortcuts","63","2026-09-25"
"website","website/site-features/language/README.md","Language","Switch Auric Artisan between English and Hindi, and learn what is and is not translated.","Website › Site features › Language","351","2026-09-25"
"website","website/site-features/language/docs/README.md","Language guides","Contents of the language guides.","Website › Site features › Language","62","2026-09-25"
"website","website/site-features/language/docs/getting-started.md","Get started with languages","Switch the site between English and Hindi, and share a link that opens in Hindi.","Website › Site features › Language","308","2026-09-25"
"website","website/site-features/language/docs/what-is-translated.md","What is translated","What changes when the site is in Hindi, and what deliberately stays in English or Latin script.","Website › Site features › Language","407","2026-09-25"
"website","website/site-features/language/docs/reference.md","Language reference","Every language control, what it does, and how the language choice is kept.","Website › Site features › Language","290","2026-09-25"
"website","website/site-features/language/docs/troubleshooting.md","Troubleshooting languages","Fixes for common problems when using the site in Hindi.","Website › Site features › Language","283","2026-09-25"
"website","website/site-features/language/docs/faq.md","Language FAQ","Short answers about English and Hindi on Auric Artisan.","Website › Site features › Language","163","2026-09-25"
"website","website/site-features/language/others/README.md","Language: supporting material","Contents of the language supporting files.","Website › Site features › Language","67","2026-09-25"
"website","website/site-features/language/others/glossary.md","Language glossary","Terms used in the language guides.","Website › Site features › Language","106","2026-09-25"
"website","website/site-features/language/others/limits-and-accuracy.md","Language limits and accuracy","How complete the Hindi translation is and what to expect from it.","Website › Site features › Language","126","2026-09-25"
"website","website/site-features/language/others/privacy.md","Language privacy","What is stored about your language choice and what switching downloads.","Website › Site features › Language","79","2026-09-25"
"website","website/site-features/language/others/related.md","Related to languages","Features related to the site's language setting.","Website › Site features › Language","56","2026-09-25"
"website","website/site-features/navigation-dock/README.md","Navigation dock","The floating navigation rail with Back, Forward, Reload, page outline, split view, recorder, copy, share and scroll controls.","Website › Site features › Navigation dock","490","2026-09-25"
"website","website/site-features/navigation-dock/docs/README.md","Navigation dock guides","Contents of the navigation dock guides.","Website › Site features › Navigation dock","81","2026-09-25"
"website","website/site-features/navigation-dock/docs/getting-started.md","Get started with the navigation dock","Open the navigation dock and learn what each of its buttons does.","Website › Site features › Navigation dock","436","2026-09-25"
"website","website/site-features/navigation-dock/docs/move-and-collapse.md","Move and collapse the dock","Drag the navigation dock, flip it to the other side, and understand how it collapses on desktop and on phones.","Website › Site features › Navigation dock","384","2026-09-25"
"website","website/site-features/navigation-dock/docs/page-outline.md","Jump around with the page outline","Use the dock's page outline to see the page's sections, find where you are, and jump to any heading.","Website › Site features › Navigation dock","269","2026-09-25"
"website","website/site-features/navigation-dock/docs/reference.md","Navigation dock reference","Every control of the navigation dock with its label, action and availability.","Website › Site features › Navigation dock","419","2026-09-25"
"website","website/site-features/navigation-dock/docs/troubleshooting.md","Troubleshooting the navigation dock","Fixes for common problems with the navigation dock.","Website › Site features › Navigation dock","344","2026-09-25"
"website","website/site-features/navigation-dock/docs/faq.md","Navigation dock FAQ","Short answers about the navigation dock.","Website › Site features › Navigation dock","162","2026-09-25"
"website","website/site-features/navigation-dock/others/README.md","Navigation dock: supporting material","Contents of the navigation dock's supporting files.","Website › Site features › Navigation dock","68","2026-09-25"
"website","website/site-features/navigation-dock/others/glossary.md","Navigation dock glossary","Terms used in the navigation dock guides.","Website › Site features › Navigation dock","134","2026-09-25"
"website","website/site-features/navigation-dock/others/privacy.md","Navigation dock privacy","What the navigation dock stores and what its buttons share.","Website › Site features › Navigation dock","81","2026-09-25"
"website","website/site-features/navigation-dock/others/related.md","Related to the navigation dock","Features related to the navigation dock.","Website › Site features › Navigation dock","77","2026-09-25"
"website","website/site-features/screen-recorder/README.md","Screen recorder","Record your screen, a window, this tab, a region of the page or a tool's canvas, and export video, animated GIF or PNG images.","Website › Site features › Screen recorder","474","2026-09-25"
"website","website/site-features/screen-recorder/docs/README.md","Screen recorder guides","Contents of the screen recorder guides.","Website › Site features › Screen recorder","80","2026-09-25"
"website","website/site-features/screen-recorder/docs/getting-started.md","Get started with the screen recorder","Open the recorder, learn the setup dialog, and make your first recording.","Website › Site features › Screen recorder","376","2026-09-25"
"website","website/site-features/screen-recorder/docs/my-recordings-and-export.md","My recordings and export","Play, rename, trim, export and delete your recordings.","Website › Site features › Screen recorder","572","2026-09-25"
"website","website/site-features/screen-recorder/docs/record-a-take.md","Record a take","Choose a source and capture settings, add audio, draw a region, and control the recording with the recording bar.","Website › Site features › Screen recorder","924","2026-09-25"
"website","website/site-features/screen-recorder/docs/reference.md","Screen recorder reference","Every recorder option, default, output format, limit and message.","Website › Site features › Screen recorder","778","2026-09-25"
"website","website/site-features/screen-recorder/docs/troubleshooting.md","Troubleshooting the screen recorder","Fixes for common screen recorder problems.","Website › Site features › Screen recorder","409","2026-09-25"
"website","website/site-features/screen-recorder/docs/faq.md","Screen recorder FAQ","Short answers about the screen recorder.","Website › Site features › Screen recorder","196","2026-09-25"
"website","website/site-features/screen-recorder/others/README.md","Screen recorder: supporting material","Contents of the screen recorder supporting files.","Website › Site features › Screen recorder","63","2026-09-25"
"website","website/site-features/screen-recorder/others/shortcuts.md","Screen recorder shortcuts","Keyboard shortcuts for the screen recorder.","Website › Site features › Screen recorder","97","2026-09-25"
"website","website/site-features/screen-recorder/others/glossary.md","Screen recorder glossary","Terms used in the screen recorder guides.","Website › Site features › Screen recorder","182","2026-09-25"
"website","website/site-features/screen-recorder/others/limits-and-accuracy.md","Screen recorder limits and accuracy","Limits on recording length, storage, formats and quality.","Website › Site features › Screen recorder","206","2026-09-25"
"website","website/site-features/screen-recorder/others/privacy.md","Screen recorder privacy","What the recorder captures, where recordings are kept, and what is shared.","Website › Site features › Screen recorder","146","2026-09-25"
"website","website/site-features/screen-recorder/others/release-notes.md","Screen recorder release notes","User-facing history of the screen recorder, from the public changelog.","Website › Site features › Screen recorder","47","2026-09-25"
"website","website/site-features/screen-recorder/others/related.md","Related to the screen recorder","Features related to the screen recorder.","Website › Site features › Screen recorder","56","2026-09-25"
"website","website/site-features/screen-saver/README.md","Screen saver","The optional idle screen that fills the window with a colour from the site's colour atlas after a period of inactivity.","Website › Site features › Screen saver","332","2026-09-25"
"website","website/site-features/screen-saver/docs/README.md","Screen saver guides","Contents of the screen saver guides.","Website › Site features › Screen saver","64","2026-09-25"
"website","website/site-features/screen-saver/docs/getting-started.md","Get started with the screen saver","Turn the screen saver on, choose when it starts, and return to the page.","Website › Site features › Screen saver","219","2026-09-25"
"website","website/site-features/screen-saver/docs/reading-the-screen.md","Reading the screen","What each part of the screen saver shows, from the colour bands to the readout and clock.","Website › Site features › Screen saver","393","2026-09-25"
"website","website/site-features/screen-saver/docs/reference.md","Screen saver reference","Screen saver settings, timings, and what counts as activity.","Website › Site features › Screen saver","255","2026-09-25"
"website","website/site-features/screen-saver/docs/troubleshooting.md","Troubleshooting the screen saver","Fixes for common screen saver problems.","Website › Site features › Screen saver","220","2026-09-25"
"website","website/site-features/screen-saver/docs/faq.md","Screen saver FAQ","Short answers about the screen saver.","Website › Site features › Screen saver","140","2026-09-25"
"website","website/site-features/screen-saver/others/README.md","Screen saver: supporting material","Contents of the screen saver supporting files.","Website › Site features › Screen saver","69","2026-09-25"
"website","website/site-features/screen-saver/others/glossary.md","Screen saver glossary","Terms used in the screen saver guides.","Website › Site features › Screen saver","111","2026-09-25"
"website","website/site-features/screen-saver/others/limits-and-accuracy.md","Screen saver limits and accuracy","What the screen saver's values mean and how precise they are.","Website › Site features › Screen saver","137","2026-09-25"
"website","website/site-features/screen-saver/others/privacy.md","Screen saver privacy","What the screen saver stores and downloads.","Website › Site features › Screen saver","66","2026-09-25"
"website","website/site-features/screen-saver/others/related.md","Related to the screen saver","Features and libraries related to the screen saver.","Website › Site features › Screen saver","56","2026-09-25"
"website","website/site-features/search-and-spotlight/README.md","Search and Spotlight","Spotlight, the site-wide search palette opened with Ctrl + K, with scopes, colour answers, filters and commands.","Website › Site features › Search and Spotlight","504","2026-09-25"
"website","website/site-features/search-and-spotlight/docs/README.md","Search and Spotlight guides","Contents of the Spotlight search guides.","Website › Site features › Search and Spotlight","88","2026-09-25"
"website","website/site-features/search-and-spotlight/docs/getting-started.md","Get started with Spotlight","Open Spotlight, learn its parts, and run your first search.","Website › Site features › Search and Spotlight","413","2026-09-25"
"website","website/site-features/search-and-spotlight/docs/colour-answers-and-filters.md","Colour answers and filters","Get instant colour and contrast answers in Spotlight, and use field filters, quoted phrases and exclusions.","Website › Site features › Search and Spotlight","475","2026-09-25"
"website","website/site-features/search-and-spotlight/docs/scopes-and-results.md","Scopes and results","Narrow Spotlight to pages, tools, documentation, Learn or the web, read the results and preview, and reuse recent searches.","Website › Site features › Search and Spotlight","788","2026-09-25"
"website","website/site-features/search-and-spotlight/docs/reference.md","Spotlight reference","Every Spotlight control, key, launcher, command, query mode and message.","Website › Site features › Search and Spotlight","849","2026-09-25"
"website","website/site-features/search-and-spotlight/docs/commands.md","Commands","Use Spotlight as a command palette by typing > to switch theme, open the guide, library or settings, change language and more.","Website › Site features › Search and Spotlight","346","2026-09-25"
"website","website/site-features/search-and-spotlight/docs/troubleshooting.md","Troubleshooting Spotlight","Fixes for common problems with Spotlight search.","Website › Site features › Search and Spotlight","333","2026-09-25"
"website","website/site-features/search-and-spotlight/docs/faq.md","Spotlight FAQ","Short answers about Spotlight search.","Website › Site features › Search and Spotlight","241","2026-09-25"
"website","website/site-features/search-and-spotlight/others/README.md","Search and Spotlight: supporting material","Contents of the Spotlight search supporting files.","Website › Site features › Search and Spotlight","73","2026-09-25"
"website","website/site-features/search-and-spotlight/others/shortcuts.md","Spotlight shortcuts","Keys for opening and using Spotlight.","Website › Site features › Search and Spotlight","122","2026-09-25"
"website","website/site-features/search-and-spotlight/others/glossary.md","Spotlight glossary","Terms used in the Spotlight search guides.","Website › Site features › Search and Spotlight","206","2026-09-25"
"website","website/site-features/search-and-spotlight/others/limits-and-accuracy.md","Spotlight limits and accuracy","What Spotlight searches, how its colour answers are computed, and its limits.","Website › Site features › Search and Spotlight","231","2026-09-25"
"website","website/site-features/search-and-spotlight/others/privacy.md","Spotlight privacy","What Spotlight stores and what it sends over the network.","Website › Site features › Search and Spotlight","117","2026-09-25"
"website","website/site-features/search-and-spotlight/others/related.md","Related to Spotlight","The search page, tools and features related to Spotlight.","Website › Site features › Search and Spotlight","80","2026-09-25"
"website","website/site-features/settings-panel/README.md","Settings panel","What the Settings panel is, how to open it, and what you can change with it on every page of Auric Artisan.","Website › Site features › Settings panel","720","2026-09-25"
"website","website/site-features/settings-panel/docs/README.md","Settings panel guides","Contents of the Settings panel guides, from opening the panel to backing up and resetting every setting.","Website › Site features › Settings panel","175","2026-09-25"
"website","website/site-features/settings-panel/docs/getting-started.md","Get started with the Settings panel","Open the Settings panel, learn its parts, and make your first change.","Website › Site features › Settings panel","613","2026-09-25"
"website","website/site-features/settings-panel/docs/back-up-restore-and-reset.md","Back up, restore and reset","Export your settings to a file, import them on another browser, restore one section, reset everything, and use the panel's right-click menu.","Website › Site features › Settings panel","616","2026-09-25"
"website","website/site-features/settings-panel/docs/change-the-appearance.md","Change the appearance","Recolour the site with an accent, keep saved colours, and choose the theme, language and text size.","Website › Site features › Settings panel","926","2026-09-25"
"website","website/site-features/settings-panel/docs/comfort-options.md","Comfort options","Turn on reading mode, reduce motion and transparency, boost contrast, underline links, turn off the custom cursor, and schedule eye rest and the screen saver.","Website › Site features › Settings panel","625","2026-09-25"
"website","website/site-features/settings-panel/docs/highlights-and-clock.md","Highlights and clock","Choose which info bars, notices and demo chips appear, and set how the site's clocks show the time and date.","Website › Site features › Settings panel","654","2026-09-25"
"website","website/site-features/settings-panel/docs/tooltips-and-ads.md","Tooltips and ads","Turn the site's tooltips off or change how much they show, and adjust ad preferences on paid plans.","Website › Site features › Settings panel","450","2026-09-25"
"website","website/site-features/settings-panel/docs/reference.md","Settings panel reference","Every control in the Settings panel, with what it does, its values and its default, plus the settings file format and messages.","Website › Site features › Settings panel","1660","2026-09-25"
"website","website/site-features/settings-panel/docs/troubleshooting.md","Troubleshooting the Settings panel","Fixes for common problems with the Settings panel and the settings it controls.","Website › Site features › Settings panel","706","2026-09-25"
"website","website/site-features/settings-panel/docs/faq.md","Settings panel FAQ","Short answers to common questions about the Settings panel.","Website › Site features › Settings panel","342","2026-09-25"
"website","website/site-features/settings-panel/others/README.md","Settings panel: supporting material","Contents of the Settings panel's supporting files: glossary, shortcuts, limits, related pages, privacy and release notes.","Website › Site features › Settings panel","114","2026-09-25"
"website","website/site-features/settings-panel/others/shortcuts.md","Settings panel shortcuts","Keyboard shortcuts that open the Settings panel, move around it, and change settings from anywhere on the site.","Website › Site features › Settings panel","218","2026-09-25"
"website","website/site-features/settings-panel/others/glossary.md","Settings panel glossary","Plain-language definitions of the terms used in the Settings panel.","Website › Site features › Settings panel","321","2026-09-25"
"website","website/site-features/settings-panel/others/limits-and-accuracy.md","Limits and accuracy","What the accent contrast readout measures, how precise it is, and other limits of the Settings panel.","Website › Site features › Settings panel","264","2026-09-25"
"website","website/site-features/settings-panel/others/privacy.md","Settings panel privacy","What the Settings panel stores, where, and what it sends over the network.","Website › Site features › Settings panel","231","2026-09-25"
"website","website/site-features/settings-panel/others/release-notes.md","Settings panel release notes","User-facing history of the Settings panel, taken from the public changelog.","Website › Site features › Settings panel","108","2026-09-25"
"website","website/site-features/settings-panel/others/related.md","Related to the Settings panel","Site features, kits and tools that work with the Settings panel.","Website › Site features › Settings panel","170","2026-09-25"
"website","website/site-features/shareable-links/README.md","Shareable links","What the address bar remembers about the page you are on, how to share an exact view, and the other link options the site understands.","Website › Site features › Shareable links","345","2026-09-25"
"website","website/site-features/shareable-links/docs/README.md","Shareable links guides","Contents of the shareable links guides.","Website › Site features › Shareable links","69","2026-09-25"
"website","website/site-features/shareable-links/docs/getting-started.md","Get started with shareable links","How the page keeps its state in the address, how that state is restored, and how to share or clear it.","Website › Site features › Shareable links","421","2026-09-25"
"website","website/site-features/shareable-links/docs/other-link-options.md","Other link options","Add ?lang=, ?color= or #split= to an address to open a page in a language, inspect a colour, or restore a split view.","Website › Site features › Shareable links","264","2026-09-25"
"website","website/site-features/shareable-links/docs/reference.md","Shareable links reference","Exactly what is and is not saved in a page's address, and how it is restored.","Website › Site features › Shareable links","445","2026-09-25"
"website","website/site-features/shareable-links/docs/troubleshooting.md","Troubleshooting shareable links","Fixes for common problems with page links and their saved state.","Website › Site features › Shareable links","279","2026-09-25"
"website","website/site-features/shareable-links/docs/faq.md","Shareable links FAQ","Short answers about page links and their saved state.","Website › Site features › Shareable links","136","2026-09-25"
"website","website/site-features/shareable-links/others/README.md","Shareable links: supporting material","Contents of the shareable links supporting files.","Website › Site features › Shareable links","48","2026-09-25"
"website","website/site-features/shareable-links/others/glossary.md","Shareable links glossary","Terms used in the shareable links guides.","Website › Site features › Shareable links","123","2026-09-25"
"website","website/site-features/shareable-links/others/privacy.md","Shareable links privacy","What a copied page link can reveal, and how to share one safely.","Website › Site features › Shareable links","143","2026-09-25"
"website","website/site-features/shareable-links/others/related.md","Related to shareable links","Features that copy, share or read page links.","Website › Site features › Shareable links","59","2026-09-25"
"website","website/site-features/split-view/README.md","Split view","Show two pages of Auric Artisan side by side, each fully working and responsive, with per-pane theme, viewport and zoom.","Website › Site features › Split view","546","2026-09-25"
"website","website/site-features/split-view/docs/README.md","Split view guides","Contents of the split view guides.","Website › Site features › Split view","91","2026-09-25"
"website","website/site-features/split-view/docs/getting-started.md","Get started with split view","Open split view, learn its toolbar, and close it again.","Website › Site features › Split view","323","2026-09-25"
"website","website/site-features/split-view/docs/layout-compare-and-sync.md","Layout, compare and sync","Change the split layout, resize and swap panes, compare pages visually, sync scrolling, route links and watch performance.","Website › Site features › Split view","539","2026-09-25"
"website","website/site-features/split-view/docs/panes-and-controls.md","Panes and their controls","Use each pane's tab, history buttons, address bar and More menu for theme, viewport, zoom, focus and more.","Website › Site features › Split view","578","2026-09-25"
"website","website/site-features/split-view/docs/share-a-split.md","Share a split","Copy the address of a split view and reopen it, with both pages, the layout and each pane's settings.","Website › Site features › Split view","200","2026-09-25"
"website","website/site-features/split-view/docs/reference.md","Split view reference","Every split view control, value, default, shortcut and message.","Website › Site features › Split view","588","2026-09-25"
"website","website/site-features/split-view/docs/troubleshooting.md","Troubleshooting split view","Fixes for common split view problems.","Website › Site features › Split view","323","2026-09-25"
"website","website/site-features/split-view/docs/faq.md","Split view FAQ","Short answers about split view.","Website › Site features › Split view","153","2026-09-25"
"website","website/site-features/split-view/others/README.md","Split view: supporting material","Contents of the split view supporting files.","Website › Site features › Split view","57","2026-09-25"
"website","website/site-features/split-view/others/shortcuts.md","Split view shortcuts","Keyboard shortcuts for split view.","Website › Site features › Split view","164","2026-09-25"
"website","website/site-features/split-view/others/glossary.md","Split view glossary","Terms used in the split view guides.","Website › Site features › Split view","179","2026-09-25"
"website","website/site-features/split-view/others/privacy.md","Split view privacy","What split view stores and what it writes into the page address.","Website › Site features › Split view","95","2026-09-25"
"website","website/site-features/split-view/others/release-notes.md","Split view release notes","User-facing history of split view, from the public changelog.","Website › Site features › Split view","72","2026-09-25"
"website","website/site-features/split-view/others/related.md","Related to split view","Features related to split view.","Website › Site features › Split view","52","2026-09-25"
"website","website/site-features/theme/README.md","Theme","The site's light, dark and system themes, and every place you can switch between them.","Website › Site features › Theme","398","2026-09-25"
"website","website/site-features/theme/docs/README.md","Theme guides","Contents of the theme guides.","Website › Site features › Theme","66","2026-09-25"
"website","website/site-features/theme/docs/getting-started.md","Get started with themes","Understand the light, dark and system theme modes and choose one.","Website › Site features › Theme","304","2026-09-25"
"website","website/site-features/theme/docs/every-way-to-switch.md","Every way to switch the theme","All the places you can change the theme, and how each one behaves.","Website › Site features › Theme","373","2026-09-25"
"website","website/site-features/theme/docs/reference.md","Theme reference","Every theme control, the values it sets, and how the controls interact.","Website › Site features › Theme","298","2026-09-25"
"website","website/site-features/theme/docs/troubleshooting.md","Troubleshooting themes","Fixes for common theme problems.","Website › Site features › Theme","247","2026-09-25"
"website","website/site-features/theme/docs/faq.md","Theme FAQ","Short answers about the site's themes.","Website › Site features › Theme","146","2026-09-25"
"website","website/site-features/theme/others/README.md","Theme: supporting material","Contents of the theme supporting files.","Website › Site features › Theme","48","2026-09-25"
"website","website/site-features/theme/others/shortcuts.md","Theme shortcuts","Keyboard shortcuts that change the theme.","Website › Site features › Theme","66","2026-09-25"
"website","website/site-features/theme/others/glossary.md","Theme glossary","Terms used in the theme guides.","Website › Site features › Theme","101","2026-09-25"
"website","website/site-features/theme/others/privacy.md","Theme privacy","What is stored about your theme choice.","Website › Site features › Theme","77","2026-09-25"
"website","website/site-features/theme/others/related.md","Related to themes","Features related to the site's themes.","Website › Site features › Theme","68","2026-09-25"
"website","website/tools/README.md","Website tools","Every tool on auricartisan.com, grouped by what it helps you do, with its address and a link to its documentation.","Website › Tools","953","2026-09-25"
"website","website/tools/accessibility-and-vision/README.md","Accessibility and vision tools","What the accessibility and vision tools on auricartisan.com are for, and which one to open for each job.","Website › Tools › Accessibility and vision","474","2026-09-25"
"website","website/tools/accessibility-and-vision/accessibility-checklist/README.md","Accessibility Checklist","What the Accessibility Checklist is, who it is for, and how to start working through its 50 WCAG 2.2 checks.","Website › Tools › Accessibility and vision","648","2026-09-25"
"website","website/tools/accessibility-and-vision/accessibility-checklist/docs/README.md","Accessibility Checklist documentation","The list of Accessibility Checklist guides with one line on each.","Website › Tools › Accessibility and vision","170","2026-09-25"
"website","website/tools/accessibility-and-vision/accessibility-checklist/docs/getting-started.md","Getting started with the Accessibility Checklist","Open the Accessibility Checklist, learn the screen, and mark your first check.","Website › Tools › Accessibility and vision","682","2026-09-25"
"website","website/tools/accessibility-and-vision/accessibility-checklist/docs/attach-evidence.md","Attach evidence","Add screenshots to a check and annotate them with the pen, highlighter, arrows, boxes, redaction and numbered callouts.","Website › Tools › Accessibility and vision","666","2026-09-25"
"website","website/tools/accessibility-and-vision/accessibility-checklist/docs/export-your-results.md","Export your results","Use the Export tab to print your findings, copy them as Markdown for an issue tracker, or clear your work.","Website › Tools › Accessibility and vision","690","2026-09-25"
"website","website/tools/accessibility-and-vision/accessibility-checklist/docs/laws-by-jurisdiction.md","Laws by jurisdiction","The Reference tab of the Accessibility Checklist: what the WCAG levels mean and what the law asks for in 15 jurisdictions.","Website › Tools › Accessibility and vision","1468","2026-09-25"
"website","website/tools/accessibility-and-vision/accessibility-checklist/docs/the-50-checks.md","The 50 checks","Every check in the Accessibility Checklist, area by area, with its WCAG criterion, level and how much the Analyzer can decide.","Website › Tools › Accessibility and vision","2308","2026-09-25"
"website","website/tools/accessibility-and-vision/accessibility-checklist/docs/work-through-the-checklist.md","Work through the checklist","Select checks, mark them Pass, Fail or N/A, filter the list, fold areas, read the meter, and use the one-check view on a phone.","Website › Tools › Accessibility and vision","1032","2026-09-25"
"website","website/tools/accessibility-and-vision/accessibility-checklist/docs/reference.md","Accessibility Checklist reference","Every control, label, message and stored item of the Accessibility Checklist.","Website › Tools › Accessibility and vision","932","2026-09-25"
"website","website/tools/accessibility-and-vision/accessibility-checklist/docs/troubleshooting.md","Troubleshooting the Accessibility Checklist","Common problems with the Accessibility Checklist, why they happen, and what to do.","Website › Tools › Accessibility and vision","603","2026-09-25"
"website","website/tools/accessibility-and-vision/accessibility-checklist/docs/faq.md","Accessibility Checklist FAQ","Short answers to common questions about the Accessibility Checklist.","Website › Tools › Accessibility and vision","463","2026-09-25"
"website","website/tools/accessibility-and-vision/accessibility-checklist/others/README.md","Accessibility Checklist: supporting material","The checklist's glossary, keyboard shortcuts, limits, related tools and privacy notes.","Website › Tools › Accessibility and vision","135","2026-09-25"
"website","website/tools/accessibility-and-vision/accessibility-checklist/others/shortcuts.md","Accessibility Checklist keyboard shortcuts","Every key the Accessibility Checklist responds to, and where each one works.","Website › Tools › Accessibility and vision","338","2026-09-25"
"website","website/tools/accessibility-and-vision/accessibility-checklist/others/glossary.md","Accessibility Checklist glossary","Plain-language definitions of the terms used by the Accessibility Checklist.","Website › Tools › Accessibility and vision","349","2026-09-25"
"website","website/tools/accessibility-and-vision/accessibility-checklist/others/limits-and-accuracy.md","Limits and accuracy","What the Accessibility Checklist covers, where its wording and behaviour differ, and what it is not.","Website › Tools › Accessibility and vision","499","2026-09-25"
"website","website/tools/accessibility-and-vision/accessibility-checklist/others/privacy.md","Accessibility Checklist privacy","Where the Accessibility Checklist keeps your marks and screenshots, and how to delete them.","Website › Tools › Accessibility and vision","295","2026-09-25"
"website","website/tools/accessibility-and-vision/accessibility-checklist/others/related.md","Related tools and reading","Tools and articles that pair well with the Accessibility Checklist.","Website › Tools › Accessibility and vision","132","2026-09-25"
"website","website/tools/accessibility-and-vision/accessibility-compliance/README.md","Accessibility Compliance","What the Accessibility Compliance address offers a visitor today, and where it takes you.","Website › Tools › Accessibility and vision","369","2026-09-25"
"website","website/tools/accessibility-and-vision/accessibility-compliance/docs/README.md","Accessibility Compliance documentation","The guides for the Accessibility Compliance address.","Website › Tools › Accessibility and vision","72","2026-09-25"
"website","website/tools/accessibility-and-vision/accessibility-compliance/docs/getting-started.md","Getting started","What happens when you open the Accessibility Compliance address, and how to use the checklist it takes you to.","Website › Tools › Accessibility and vision","222","2026-09-25"
"website","website/tools/accessibility-and-vision/accessibility-compliance/docs/faq.md","Accessibility Compliance FAQ","Short answers about the Accessibility Compliance address and where its content went.","Website › Tools › Accessibility and vision","180","2026-09-25"
"website","website/tools/accessibility-and-vision/accessibility-compliance/others/README.md","Accessibility Compliance: supporting material","Where to find the glossary, limits, privacy notes and related material for the compliance resource.","Website › Tools › Accessibility and vision","115","2026-09-25"
"website","website/tools/accessibility-and-vision/analyzer/README.md","Analyzer","What the Auric Artisan Analyzer audits, who it is for, and how to run your first audit.","Website › Tools › Accessibility and vision","952","2026-09-25"
"website","website/tools/accessibility-and-vision/analyzer/docs/README.md","Analyzer documentation","The list of Analyzer guides, from a first audit to exports, with one line on each.","Website › Tools › Accessibility and vision","325","2026-09-25"
"website","website/tools/accessibility-and-vision/analyzer/docs/getting-started.md","Getting started with the Analyzer","Open the Analyzer, learn what each part of the screen does, and run your first audit.","Website › Tools › Accessibility and vision","1144","2026-09-25"
"website","website/tools/accessibility-and-vision/analyzer/docs/accessibility-engine.md","The accessibility engine (A11y+)","Read and act on every view of the A11y+ panel, from the grade and findings to the accessibility tree, screen-reader transcript, conformance table and exports.","Website › Tools › Accessibility and vision","2907","2026-09-25"
"website","website/tools/accessibility-and-vision/analyzer/docs/accessibility-rules.md","Accessibility rules","Every one of the 126 accessibility rules the Analyzer checks, grouped by category, with its impact, WCAG mapping and what it looks for.","Website › Tools › Accessibility and vision","4364","2026-09-25"
"website","website/tools/accessibility-and-vision/analyzer/docs/arrange-the-workspace.md","Arrange the workspace","Open, move, resize, focus and close report panels, find sections with the Sections picker, and save layouts.","Website › Tools › Accessibility and vision","1081","2026-09-25"
"website","website/tools/accessibility-and-vision/analyzer/docs/choose-what-to-scan.md","Choose what to scan","Pick which of the 13 checks run in Advanced mode, understand which sections each check fills, and read what a run costs in tokens.","Website › Tools › Accessibility and vision","1333","2026-09-25"
"website","website/tools/accessibility-and-vision/analyzer/docs/colour-contrast-and-vision.md","Colour, contrast and vision","Read the Contrast, Palette, Simulation and Before / After panels, and understand the WCAG contrast ratio and the APCA Lc value.","Website › Tools › Accessibility and vision","1800","2026-09-25"
"website","website/tools/accessibility-and-vision/analyzer/docs/export-and-share.md","Export and share","Every way to take a result out of the Analyzer — reports, data files, stylesheets and share links — with formats and file names.","Website › Tools › Accessibility and vision","1159","2026-09-25"
"website","website/tools/accessibility-and-vision/analyzer/docs/fix-and-preview.md","Fix and preview","Turn findings into code with the Fixes panel, try changes live in the Playground, add your own checks in Rules, and let your site be previewed with CSP Setup.","Website › Tools › Accessibility and vision","1740","2026-09-25"
"website","website/tools/accessibility-and-vision/analyzer/docs/performance-seo-and-page-health.md","Performance, SEO and page health","What the Performance, SEO, Media, Deep, Devices, Security, Project, Site Map and Insights sections measure, and how to read them.","Website › Tools › Accessibility and vision","2974","2026-09-25"
"website","website/tools/accessibility-and-vision/analyzer/docs/read-the-overview-and-scores.md","Read the Overview and scores","Understand the overall score, the grade bands, how categories are weighted, and how to work through the issue cards.","Website › Tools › Accessibility and vision","1234","2026-09-25"
"website","website/tools/accessibility-and-vision/analyzer/docs/run-an-analysis.md","Run an analysis","What happens when you select Analyze, which addresses are accepted, how the page is reached, and what the progress card tells you.","Website › Tools › Accessibility and vision","1329","2026-09-25"
"website","website/tools/accessibility-and-vision/analyzer/docs/save-reopen-and-compare.md","Save, reopen and compare","How finished runs are kept in your browser, how to reopen them, how to compare two versions of a site, and how to keep a copy in your account.","Website › Tools › Accessibility and vision","1296","2026-09-25"
"website","website/tools/accessibility-and-vision/analyzer/docs/scan-a-whole-site.md","Scan a whole site","Audit several pages of one site in a single run, follow the live progress, and page through the per-page results.","Website › Tools › Accessibility and vision","1149","2026-09-25"
"website","website/tools/accessibility-and-vision/analyzer/docs/reference.md","Analyzer reference","Every control, option, section, input and output of the Analyzer in one place.","Website › Tools › Accessibility and vision","1873","2026-09-25"
"website","website/tools/accessibility-and-vision/analyzer/docs/troubleshooting.md","Troubleshooting the Analyzer","What each Analyzer error or odd result means, why it happens, and what to do about it.","Website › Tools › Accessibility and vision","1819","2026-09-25"
"website","website/tools/accessibility-and-vision/analyzer/docs/faq.md","Analyzer FAQ","Short answers to the questions people most often ask about the Analyzer.","Website › Tools › Accessibility and vision","865","2026-09-25"
"website","website/tools/accessibility-and-vision/analyzer/others/README.md","Analyzer: supporting material","The Analyzer's glossary, shortcuts, limits, related tools, release notes and privacy notes.","Website › Tools › Accessibility and vision","157","2026-09-25"
"website","website/tools/accessibility-and-vision/analyzer/others/shortcuts.md","Analyzer keyboard shortcuts","The keys the Analyzer responds to, in the URL field, the Sections picker, the workspace panels and the token meter.","Website › Tools › Accessibility and vision","312","2026-09-25"
"website","website/tools/accessibility-and-vision/analyzer/others/glossary.md","Analyzer glossary","Plain-language definitions of the terms used in the Analyzer and its documentation.","Website › Tools › Accessibility and vision","951","2026-09-25"
"website","website/tools/accessibility-and-vision/analyzer/others/limits-and-accuracy.md","Limits and accuracy","What the Analyzer measures, how precisely, which pages it can reach, and what its results are not.","Website › Tools › Accessibility and vision","981","2026-09-25"
"website","website/tools/accessibility-and-vision/analyzer/others/privacy.md","Analyzer privacy","What the Analyzer keeps in your browser, what it sends to Auric Artisan's servers or third parties, and how to delete it.","Website › Tools › Accessibility and vision","678","2026-09-25"
"website","website/tools/accessibility-and-vision/analyzer/others/release-notes.md","Analyzer release notes","User-facing history of the Analyzer, from the public changelog and the current page.","Website › Tools › Accessibility and vision","398","2026-09-25"
"website","website/tools/accessibility-and-vision/analyzer/others/related.md","Related tools and reading","Other Auric Artisan tools, extensions and articles that work well with the Analyzer.","Website › Tools › Accessibility and vision","334","2026-09-25"
"website","website/tools/accessibility-and-vision/contrast-checker/README.md","Contrast Checker","What the Contrast Checker does, who it is for, and how to grade a colour pair in under a minute.","Website › Tools › Accessibility and vision","534","2026-09-25"
"website","website/tools/accessibility-and-vision/contrast-checker/docs/README.md","Contrast Checker documentation","The list of Contrast Checker guides with one line on each.","Website › Tools › Accessibility and vision","151","2026-09-25"
"website","website/tools/accessibility-and-vision/contrast-checker/docs/getting-started.md","Getting started with the Contrast Checker","Open the Contrast Checker, learn each part of the screen, and grade your first colour pair.","Website › Tools › Accessibility and vision","522","2026-09-25"
"website","website/tools/accessibility-and-vision/contrast-checker/docs/check-a-colour-pair.md","Check a colour pair","Enter a text and background colour, read the WCAG 2.1 ratio, and work out which of the five grades applies to what you are colouring.","Website › Tools › Accessibility and vision","1033","2026-09-25"
"website","website/tools/accessibility-and-vision/contrast-checker/docs/make-a-pair-pass.md","Make a pair pass","Use Make it pass AA to find a passing text colour, understand how it chooses, and keep your brand hue.","Website › Tools › Accessibility and vision","489","2026-09-25"
"website","website/tools/accessibility-and-vision/contrast-checker/docs/share-a-pair.md","Share a pair","Share or bookmark a colour pair as a link, and the ways other parts of the site open the checker.","Website › Tools › Accessibility and vision","398","2026-09-25"
"website","website/tools/accessibility-and-vision/contrast-checker/docs/reference.md","Contrast Checker reference","Every control, input, threshold, output, message and keyboard behaviour of the Contrast Checker.","Website › Tools › Accessibility and vision","718","2026-09-25"
"website","website/tools/accessibility-and-vision/contrast-checker/docs/troubleshooting.md","Troubleshooting the Contrast Checker","Odd results in the Contrast Checker, why they happen, and what to do.","Website › Tools › Accessibility and vision","499","2026-09-25"
"website","website/tools/accessibility-and-vision/contrast-checker/docs/faq.md","Contrast Checker FAQ","Short answers to common questions about the Contrast Checker and colour contrast.","Website › Tools › Accessibility and vision","355","2026-09-25"
"website","website/tools/accessibility-and-vision/contrast-checker/others/README.md","Contrast Checker: supporting material","The Contrast Checker's glossary, limits, related tools and privacy notes.","Website › Tools › Accessibility and vision","114","2026-09-25"
"website","website/tools/accessibility-and-vision/contrast-checker/others/glossary.md","Contrast Checker glossary","Plain-language definitions of the terms used by the Contrast Checker.","Website › Tools › Accessibility and vision","205","2026-09-25"
"website","website/tools/accessibility-and-vision/contrast-checker/others/limits-and-accuracy.md","Limits and accuracy","What the Contrast Checker measures, how precisely, and where it stops.","Website › Tools › Accessibility and vision","349","2026-09-25"
"website","website/tools/accessibility-and-vision/contrast-checker/others/privacy.md","Contrast Checker privacy","What the Contrast Checker does with the colours you enter.","Website › Tools › Accessibility and vision","129","2026-09-25"
"website","website/tools/accessibility-and-vision/contrast-checker/others/related.md","Related tools and reading","Tools and articles that pair well with the Contrast Checker.","Website › Tools › Accessibility and vision","172","2026-09-25"
"website","website/tools/accessibility-and-vision/ishihara-plate-generator/README.md","Ishihara Plate Generator","What the Ishihara Plate Generator makes, who it is for, and how to generate, check and export your first plates.","Website › Tools › Accessibility and vision","566","2026-09-25"
"website","website/tools/accessibility-and-vision/ishihara-plate-generator/docs/README.md","Ishihara Plate Generator documentation","The list of Ishihara Plate Generator guides with one line on each.","Website › Tools › Accessibility and vision","146","2026-09-25"
"website","website/tools/accessibility-and-vision/ishihara-plate-generator/docs/getting-started.md","Getting started with the Ishihara Plate Generator","Open the Ishihara Plate Generator, learn the screen, and generate and inspect your first plates.","Website › Tools › Accessibility and vision","476","2026-09-25"
"website","website/tools/accessibility-and-vision/ishihara-plate-generator/docs/build-the-standard-38.md","Build the standard 38","Generate the fixed 38-plate set, the composition a printed plate book uses, from a single seed.","Website › Tools › Accessibility and vision","305","2026-09-25"
"website","website/tools/accessibility-and-vision/ishihara-plate-generator/docs/export-plates.md","Export plates","Download plates as PNG or SVG, export every plate as a ZIP, save a seeds file, and rebuild a plate from its seed.","Website › Tools › Accessibility and vision","551","2026-09-25"
"website","website/tools/accessibility-and-vision/ishihara-plate-generator/docs/generate-plates.md","Generate plates","Use the Lab to choose a plate type, palette and difficulty, generate single plates or batches, make custom plates, fine-tune the dots, and read the plate cards.","Website › Tools › Accessibility and vision","983","2026-09-25"
"website","website/tools/accessibility-and-vision/ishihara-plate-generator/docs/read-the-diagnostics.md","Read the diagnostics","Understand each plate's quality score, its four weighted components, and how well it hides from each colour-vision deficiency.","Website › Tools › Accessibility and vision","572","2026-09-25"
"website","website/tools/accessibility-and-vision/ishihara-plate-generator/docs/reference.md","Ishihara Plate Generator reference","Every control, option, default and output of the Ishihara Plate Generator.","Website › Tools › Accessibility and vision","806","2026-09-25"
"website","website/tools/accessibility-and-vision/ishihara-plate-generator/docs/troubleshooting.md","Troubleshooting the Ishihara Plate Generator","Common problems with the Ishihara Plate Generator, why they happen, and what to do.","Website › Tools › Accessibility and vision","426","2026-09-25"
"website","website/tools/accessibility-and-vision/ishihara-plate-generator/docs/faq.md","Ishihara Plate Generator FAQ","Short answers to common questions about the Ishihara Plate Generator.","Website › Tools › Accessibility and vision","316","2026-09-25"
"website","website/tools/accessibility-and-vision/ishihara-plate-generator/others/README.md","Ishihara Plate Generator: supporting material","The Ishihara Plate Generator's glossary, shortcuts, limits, related tools, release notes and privacy notes.","Website › Tools › Accessibility and vision","126","2026-09-25"
"website","website/tools/accessibility-and-vision/ishihara-plate-generator/others/shortcuts.md","Ishihara Plate Generator keyboard shortcuts","The keys the Ishihara Plate Generator responds to.","Website › Tools › Accessibility and vision","107","2026-09-25"
"website","website/tools/accessibility-and-vision/ishihara-plate-generator/others/glossary.md","Ishihara Plate Generator glossary","Plain-language definitions of the terms used by the Ishihara Plate Generator.","Website › Tools › Accessibility and vision","298","2026-09-25"
"website","website/tools/accessibility-and-vision/ishihara-plate-generator/others/limits-and-accuracy.md","Limits and accuracy","What the Ishihara Plate Generator's scores measure, how far to trust them, and why the plates are not a colour-vision test.","Website › Tools › Accessibility and vision","314","2026-09-25"
"website","website/tools/accessibility-and-vision/ishihara-plate-generator/others/privacy.md","Ishihara Plate Generator privacy","What the Ishihara Plate Generator does with your plates and settings.","Website › Tools › Accessibility and vision","148","2026-09-25"
"website","website/tools/accessibility-and-vision/ishihara-plate-generator/others/release-notes.md","Ishihara Plate Generator release notes","User-facing history of the Ishihara Plate Generator.","Website › Tools › Accessibility and vision","145","2026-09-25"
"website","website/tools/accessibility-and-vision/ishihara-plate-generator/others/related.md","Related tools and reading","Tools and articles that pair well with the Ishihara Plate Generator.","Website › Tools › Accessibility and vision","120","2026-09-25"
"website","website/tools/accessibility-and-vision/vision-simulation/README.md","Vision Lab","What the Vision Lab simulates, who it is for, and how to see a colour, a palette or an image through 78 vision conditions.","Website › Tools › Accessibility and vision","697","2026-09-25"
"website","website/tools/accessibility-and-vision/vision-simulation/docs/README.md","Vision Lab documentation","The list of Vision Lab guides with one line on each.","Website › Tools › Accessibility and vision","194","2026-09-25"
"website","website/tools/accessibility-and-vision/vision-simulation/docs/getting-started.md","Getting started with the Vision Lab","Open the Vision Lab, learn the five views, and run your first simulation.","Website › Tools › Accessibility and vision","578","2026-09-25"
"website","website/tools/accessibility-and-vision/vision-simulation/docs/audit-a-palette.md","Audit a palette","Check every pair of colours in your palette under all 17 colour conditions, see which pairs merge, and get a lightness fix for each.","Website › Tools › Accessibility and vision","548","2026-09-25"
"website","website/tools/accessibility-and-vision/vision-simulation/docs/browse-the-catalogue-and-panels.md","Browse the Catalogue and panels","Find conditions in the Catalogue, open them as floating panels, arrange panels with Vision Control, and feed them an image.","Website › Tools › Accessibility and vision","1592","2026-09-25"
"website","website/tools/accessibility-and-vision/vision-simulation/docs/compare-conditions.md","Compare conditions","Lay one source out under many vision conditions at once on the Compare contact sheet, and find the condition that costs the most.","Website › Tools › Accessibility and vision","456","2026-09-25"
"website","website/tools/accessibility-and-vision/vision-simulation/docs/explore-analytics.md","Explore Analytics","See the whole collection of vision conditions by category and severity, and export the catalogue as JSON or CSV.","Website › Tools › Accessibility and vision","347","2026-09-25"
"website","website/tools/accessibility-and-vision/vision-simulation/docs/links-saving-and-exports.md","Links, saving and exports","Share a Vision Lab view as a link, see what the lab remembers in your browser, and export results.","Website › Tools › Accessibility and vision","520","2026-09-25"
"website","website/tools/accessibility-and-vision/vision-simulation/docs/the-78-conditions.md","The 78 conditions","Every condition the Vision Lab simulates, by category, with its kind, severity score, summary and prevalence as the cards show them.","Website › Tools › Accessibility and vision","1599","2026-09-25"
"website","website/tools/accessibility-and-vision/vision-simulation/docs/use-the-workbench.md","Use the Workbench","Take one condition apart in the Workbench: choose a specimen, set the base colour, severity and model, and read what collapses.","Website › Tools › Accessibility and vision","775","2026-09-25"
"website","website/tools/accessibility-and-vision/vision-simulation/docs/reference.md","Vision Lab reference","Every control, option and output of the Vision Lab in one place.","Website › Tools › Accessibility and vision","1246","2026-09-25"
"website","website/tools/accessibility-and-vision/vision-simulation/docs/troubleshooting.md","Troubleshooting the Vision Lab","Common problems in the Vision Lab, why they happen, and what to do.","Website › Tools › Accessibility and vision","519","2026-09-25"
"website","website/tools/accessibility-and-vision/vision-simulation/docs/faq.md","Vision Lab FAQ","Short answers to common questions about the Vision Lab.","Website › Tools › Accessibility and vision","415","2026-09-25"
"website","website/tools/accessibility-and-vision/vision-simulation/others/README.md","Vision Lab: supporting material","The Vision Lab's glossary, shortcuts, limits, related tools, release notes and privacy notes.","Website › Tools › Accessibility and vision","129","2026-09-25"
"website","website/tools/accessibility-and-vision/vision-simulation/others/shortcuts.md","Vision Lab keyboard shortcuts","Every key the Vision Lab responds to.","Website › Tools › Accessibility and vision","249","2026-09-25"
"website","website/tools/accessibility-and-vision/vision-simulation/others/glossary.md","Vision Lab glossary","Plain-language definitions of the terms used by the Vision Lab.","Website › Tools › Accessibility and vision","414","2026-09-25"
"website","website/tools/accessibility-and-vision/vision-simulation/others/limits-and-accuracy.md","Limits and accuracy","How the Vision Lab's simulations are made, how far to trust them, and what the lab is not.","Website › Tools › Accessibility and vision","439","2026-09-25"
"website","website/tools/accessibility-and-vision/vision-simulation/others/privacy.md","Vision Lab privacy","What the Vision Lab does with your colours and images, and what it keeps in your browser.","Website › Tools › Accessibility and vision","189","2026-09-25"
"website","website/tools/accessibility-and-vision/vision-simulation/others/release-notes.md","Vision Lab release notes","User-facing history of the Vision Lab, from the public changelog and the current page.","Website › Tools › Accessibility and vision","219","2026-09-25"
"website","website/tools/accessibility-and-vision/vision-simulation/others/related.md","Related tools and reading","Tools and articles that pair well with the Vision Lab.","Website › Tools › Accessibility and vision","159","2026-09-25"
"website","website/tools/colour-workspace/README.md","Colour workspace","The Auric Artisan tools for building palettes and design systems, converting and studying colours, and choosing fonts and icons.","Website › Tools › Colour workspace","462","2026-09-25"
"website","website/tools/colour-workspace/ascii-art-generator/README.md","ASCII Art Generator","What the ASCII Art Generator is, who it is for, where to find it, and how to turn a picture or a word into character art and take it away as text, image or code.","Website › Tools › Colour workspace","569","2026-09-25"
"website","website/tools/colour-workspace/ascii-art-generator/docs/README.md","ASCII Art Generator documentation","The list of guides for the ASCII Art Generator.","Website › Tools › Colour workspace","157","2026-09-25"
"website","website/tools/colour-workspace/ascii-art-generator/docs/getting-started.md","Getting started with the ASCII Art Generator","Open the ASCII Art Generator, learn its layout, and make and copy your first piece of character art.","Website › Tools › Colour workspace","454","2026-09-25"
"website","website/tools/colour-workspace/ascii-art-generator/docs/charts-and-compare.md","Charts, benchmark and Compare","The measurements, charts and benchmark in the Analysis tab, and the character set comparison in the Compare tab.","Website › Tools › Colour workspace","605","2026-09-25"
"website","website/tools/colour-workspace/ascii-art-generator/docs/export.md","Copy, export and batch","Copy the art, download it as TXT, PNG, SVG, HTML, JSON, CSV or ANSI, export several files at once, and render a list of words in one go.","Website › Tools › Colour workspace","859","2026-09-25"
"website","website/tools/colour-workspace/ascii-art-generator/docs/fine-tuning.md","Fine tuning","Every setting behind the Fine tuning button — character set and custom ramp, shape, tone, sampling and dithering, edges, type, filters and advanced options.","Website › Tools › Colour workspace","1187","2026-09-25"
"website","website/tools/colour-workspace/ascii-art-generator/docs/looks-colour-and-detail.md","Looks, colour and detail","The five named looks, mono or colour art, ink and paper, the Detail slider and Invert for dark paper.","Website › Tools › Colour workspace","641","2026-09-25"
"website","website/tools/colour-workspace/ascii-art-generator/docs/render-modes.md","Render modes and full screen","The Text, HTML, Canvas and SVG renders, the readouts under the art, and the full-screen view.","Website › Tools › Colour workspace","415","2026-09-25"
"website","website/tools/colour-workspace/ascii-art-generator/docs/sources.md","Choose a source","Convert an image, a line of text or a webcam frame, and every way to get a picture into the ASCII Art Generator.","Website › Tools › Colour workspace","587","2026-09-25"
"website","website/tools/colour-workspace/ascii-art-generator/docs/reference.md","ASCII Art Generator reference","Every control, range, default, file and message in the ASCII Art Generator in one place.","Website › Tools › Colour workspace","1020","2026-09-25"
"website","website/tools/colour-workspace/ascii-art-generator/docs/troubleshooting.md","Troubleshooting","Fixes for common problems in the ASCII Art Generator, from files that will not load to downloads that do not match the art.","Website › Tools › Colour workspace","730","2026-09-25"
"website","website/tools/colour-workspace/ascii-art-generator/docs/faq.md","Frequently asked questions","Short answers to common questions about the ASCII Art Generator.","Website › Tools › Colour workspace","397","2026-09-25"
"website","website/tools/colour-workspace/ascii-art-generator/others/README.md","Supporting material","The glossary, shortcuts, limits, related tools and privacy notes for the ASCII Art Generator.","Website › Tools › Colour workspace","78","2026-09-25"
"website","website/tools/colour-workspace/ascii-art-generator/others/shortcuts.md","Shortcuts","Keyboard and mouse shortcuts in the ASCII Art Generator.","Website › Tools › Colour workspace","120","2026-09-25"
"website","website/tools/colour-workspace/ascii-art-generator/others/glossary.md","Glossary","Terms used in the ASCII Art Generator and its documentation.","Website › Tools › Colour workspace","378","2026-09-25"
"website","website/tools/colour-workspace/ascii-art-generator/others/limits-and-accuracy.md","Limits and accuracy","Known limits of the ASCII Art Generator and what its measurements can and cannot tell you.","Website › Tools › Colour workspace","521","2026-09-25"
"website","website/tools/colour-workspace/ascii-art-generator/others/privacy.md","Privacy","What the ASCII Art Generator keeps in your browser and what uses the network.","Website › Tools › Colour workspace","178","2026-09-25"
"website","website/tools/colour-workspace/ascii-art-generator/others/related.md","Related tools and reading","Tools and reading that go with the ASCII Art Generator.","Website › Tools › Colour workspace","100","2026-09-25"
"website","website/tools/colour-workspace/basic-colour-tools/README.md","Basic Color Tools","What Basic Color Tools is, who it is for, where to find it and how to start using its panel workspace and the site-wide Colour Tools.","Website › Tools › Colour workspace","845","2026-09-25"
"website","website/tools/colour-workspace/basic-colour-tools/docs/README.md","Basic Color Tools documentation","The list of every guide for Basic Color Tools and the Colour Tools workbench.","Website › Tools › Colour workspace","248","2026-09-25"
"website","website/tools/colour-workspace/basic-colour-tools/docs/getting-started.md","Getting started with Basic Color Tools","Open Basic Color Tools, learn the parts of the screen, and make, check and export your first palette.","Website › Tools › Colour workspace","937","2026-09-25"
"website","website/tools/colour-workspace/basic-colour-tools/docs/import-export-and-library.md","Import, export and the Library","Every way to bring colours and images into Basic Color Tools, every copy and download format, the palette share link, and saving to and reopening from your Library.","Website › Tools › Colour workspace","1380","2026-09-25"
"website","website/tools/colour-workspace/basic-colour-tools/docs/workspace-and-panels.md","Workspace and panels","How the Workspace, Catalogue and Panels views work, how to find tools, and how to move, resize, dock, duplicate and close panels.","Website › Tools › Colour workspace","1711","2026-09-25"
"website","website/tools/colour-workspace/basic-colour-tools/docs/reference.md","Basic Color Tools reference","Every control, option, range, default and output of the Basic Color Tools page, its views and its seven panel tools, with pointers to the Colour Tools references.","Website › Tools › Colour workspace","2262","2026-09-25"
"website","website/tools/colour-workspace/basic-colour-tools/docs/troubleshooting.md","Troubleshooting Basic Color Tools","Symptoms you may meet in Basic Color Tools, why they happen, and what to do.","Website › Tools › Colour workspace","1287","2026-09-25"
"website","website/tools/colour-workspace/basic-colour-tools/docs/faq.md","Basic Color Tools FAQ","Short answers to common questions about Basic Color Tools and the Colour Tools workbench.","Website › Tools › Colour workspace","455","2026-09-25"
"website","website/tools/colour-workspace/basic-colour-tools/docs/colour-tools/README.md","Colour Tools workbench","The fourteen floating Colour Tools you can open on any page of Auric Artisan, how to open them, and a guide for each.","Website › Tools › Colour workspace","513","2026-09-25"
"website","website/tools/colour-workspace/basic-colour-tools/docs/colour-tools/accessibility-lab.md","Accessibility Lab","Compare two to six colours under WCAG 2.1, WCAG 2.2, APCA or ISO 9241-3, preview text in them, and see every colour through seven vision filters.","Website › Tools › Colour workspace","1434","2026-09-25"
"website","website/tools/colour-workspace/basic-colour-tools/docs/colour-tools/animation-contrast.md","Animation Contrast","Sample an animated background, from CSS keyframe colours or a video file, at 48 points, check text contrast at each one, find the worst frame and get a text colour that passes throughout.","Website › Tools › Colour workspace","1164","2026-09-25"
"website","website/tools/colour-workspace/basic-colour-tools/docs/colour-tools/cmyk-soft-proof.md","CMYK Soft-Proof","Simulate a screen colour or an image on five press and paper conditions, see the CMYK separation after dot gain and ink limits, spot colours that will shift, and copy CMYK values.","Website › Tools › Colour workspace","1123","2026-09-25"
"website","website/tools/colour-workspace/basic-colour-tools/docs/colour-tools/colour-formulation.md","Color Formulation","Read one colour as channels, follow it through the conversion pipeline, see a reflectance sketch, and get a two-pigment paint mix that comes close to it.","Website › Tools › Colour workspace","1994","2026-09-25"
"website","website/tools/colour-workspace/basic-colour-tools/docs/colour-tools/colour-inspector.md","Color Inspector","Use the Color Inspector to read one colour in every format, check it for contrast and colour-vision safety, find its name, build scales and harmonies, and export it as code.","Website › Tools › Colour workspace","3578","2026-09-25"
"website","website/tools/colour-workspace/basic-colour-tools/docs/colour-tools/colour-library.md","Color Library","Search and filter 1,058 named colours by family, open any colour's detail view with sixteen formats, a triadic harmony and similar colours, and download a swatch as SVG or PNG.","Website › Tools › Colour workspace","952","2026-09-25"
"website","website/tools/colour-workspace/basic-colour-tools/docs/colour-tools/colour-name-finder.md","Color Name Finder","Enter a colour and find the closest of more than a thousand named colours, with seventeen similar colours and ten copyable formats.","Website › Tools › Colour workspace","861","2026-09-25"
"website","website/tools/colour-workspace/basic-colour-tools/docs/colour-tools/colour-psychology.md","Color Psychology","Enter one to six colours and read their combined warmth and energy, emotion words, personality traits, brand-fit notes and cultural meanings by region.","Website › Tools › Colour workspace","863","2026-09-25"
"website","website/tools/colour-workspace/basic-colour-tools/docs/colour-tools/colour-space-converter.md","Color Space Converter","Convert one colour into 34 notations across eight groups, from HEX and HSL to Lab, OKLCH, Display P3, Rec.2020, ACEScg, JzAzBz and YCbCr, with gamut badges, two diagrams, channel bars and a JSON export.","Website › Tools › Colour workspace","1228","2026-09-25"
"website","website/tools/colour-workspace/basic-colour-tools/docs/colour-tools/contrast-system.md","Contrast System","Check up to five foreground colours on one background under WCAG 2.x, APCA and ISO 9241-3, read an APCA font-size table, sweep lightness on a contrast curve, fix colours to AA or AAA, and preview them in a realistic interface.","Website › Tools › Colour workspace","1893","2026-09-25"
"website","website/tools/colour-workspace/basic-colour-tools/docs/colour-tools/gradient-library.md","Gradient Library","Browse and filter 512 curated linear gradients by colour scheme and number of stops, open any gradient's details, and copy it as CSS, a CSS variable, a Tailwind class, SVG or JSON, or download it as SVG or PNG.","Website › Tools › Colour workspace","863","2026-09-25"
"website","website/tools/colour-workspace/basic-colour-tools/docs/colour-tools/harmony-studio.md","Harmony Studio","Generate eight kinds of colour harmony from one base colour, optionally adjust every swatch to meet a contrast target on your background, preview them and export HEX, CSS, JSON or PNG.","Website › Tools › Colour workspace","1232","2026-09-25"
"website","website/tools/colour-workspace/basic-colour-tools/docs/colour-tools/launcher-and-panels.md","Open the Colour Tools and manage their panels","Every way to open the 14 floating Colour Tools, how the launcher works, and how to move, arrange, pin and close the panels they open in.","Website › Tools › Colour workspace","2803","2026-09-25"
"website","website/tools/colour-workspace/basic-colour-tools/docs/colour-tools/pantone-and-named-lookup.md","Pantone & Named Lookup","Enter a colour and find its nearest matches in HTML/CSS named colours, a Pantone Solid Coated subset, RAL Classic, NCS and Crayola, ranked by ΔE2000 with a plain-language closeness label.","Website › Tools › Colour workspace","818","2026-09-25"
"website","website/tools/colour-workspace/basic-colour-tools/docs/colour-tools/type-readability-sim.md","Type Readability Sim","Combine text and background colours with font style, size, weight, letter-spacing and a viewing condition to get an APCA reading, a comfort score, size and weight sweeps, and recommendations.","Website › Tools › Colour workspace","1336","2026-09-25"
"website","website/tools/colour-workspace/basic-colour-tools/docs/panel-tools/README.md","Panel tools","The seven tools that open as panels in the Basic Color Tools workspace, with a guide for each.","Website › Tools › Colour workspace","254","2026-09-25"
"website","website/tools/colour-workspace/basic-colour-tools/docs/panel-tools/collage-maker.md","Collage Maker (panel)","Put your own images into one of 29 collage layouts, style the grid, apply filters, add a title and export a 4K PNG, all inside a Basic Color Tools panel.","Website › Tools › Colour workspace","1378","2026-09-25"
"website","website/tools/colour-workspace/basic-colour-tools/docs/panel-tools/colour-battle.md","Color Battle","Enter two palettes, score each for contrast, perceptual separation and colour-vision resilience, compare them in a cross-palette matrix, and copy the winner or a report.","Website › Tools › Colour workspace","1121","2026-09-25"
"website","website/tools/colour-workspace/basic-colour-tools/docs/panel-tools/colour-picker.md","Color Picker","Pick a colour with a saturation-value plane, hue slider, eyedropper or HEX code, then copy it in eight formats and see harmonies, colour-vision previews, chromaticity and contrast.","Website › Tools › Colour workspace","1415","2026-09-25"
"website","website/tools/colour-workspace/basic-colour-tools/docs/panel-tools/gradient-maker.md","Gradient Maker","Build linear, radial and conic gradients with any number of stops, choose the colour space they blend in, add easing, and export CSS, SVG, PNG, JSON or Tailwind.","Website › Tools › Colour workspace","1509","2026-09-25"
"website","website/tools/colour-workspace/basic-colour-tools/docs/panel-tools/palette-remix.md","Palette Remix","Paste seed colours, choose a remix style, and get four controlled variant palettes you can copy as CSS, JSON or HEX.","Website › Tools › Colour workspace","1182","2026-09-25"
"website","website/tools/colour-workspace/basic-colour-tools/docs/panel-tools/palette-studio.md","Palette Studio","Generate palettes from harmony, WCAG and accessibility modes, lock and edit colours, extract colours from an image, check contrast and colour-vision behaviour, and export.","Website › Tools › Colour workspace","2490","2026-09-25"
"website","website/tools/colour-workspace/basic-colour-tools/docs/panel-tools/quick-converter.md","Quick Converter","Enter a colour in any common notation and copy it in fourteen formats; compare two colours by ΔE and contrast; check wide-gamut values; see the colour on charts.","Website › Tools › Colour workspace","1325","2026-09-25"
"website","website/tools/colour-workspace/basic-colour-tools/others/README.md","Supporting material","The glossary, shortcuts, limits, related links and privacy notes for Basic Color Tools and the Colour Tools workbench.","Website › Tools › Colour workspace","143","2026-09-25"
"website","website/tools/colour-workspace/basic-colour-tools/others/shortcuts.md","Shortcuts","Every keyboard shortcut and mouse gesture in Basic Color Tools, its panel tools and the Colour Tools workbench.","Website › Tools › Colour workspace","464","2026-09-25"
"website","website/tools/colour-workspace/basic-colour-tools/others/glossary.md","Glossary","Plain-language definitions of the colour, contrast, print and workspace terms used in the Basic Color Tools and Colour Tools documentation.","Website › Tools › Colour workspace","1131","2026-09-25"
"website","website/tools/colour-workspace/basic-colour-tools/others/limits-and-accuracy.md","Limits and accuracy","How the colour conversions, contrast checks, colour-vision simulations and scores in Basic Color Tools are calculated, how precise they are, and what they are not.","Website › Tools › Colour workspace","764","2026-09-25"
"website","website/tools/colour-workspace/basic-colour-tools/others/privacy.md","Privacy","What Basic Color Tools and the Colour Tools keep on your device, what they store in your browser, and what uses the network.","Website › Tools › Colour workspace","436","2026-09-25"
"website","website/tools/colour-workspace/basic-colour-tools/others/related.md","Related tools and reading","Tools, colour libraries, kits and Learn articles that go well with Basic Color Tools and the Colour Tools.","Website › Tools › Colour workspace","332","2026-09-25"
"website","website/tools/colour-workspace/colour-science-lab/README.md","Color Science Lab","What the Color Science Lab is, who it is for, where to find it, and how to start with its Workbench, Compare, Gamut audit and Illuminants views and its 45 panel tools.","Website › Tools › Colour workspace","653","2026-09-25"
"website","website/tools/colour-workspace/colour-science-lab/docs/README.md","Color Science Lab documentation","The list of guides for the Color Science Lab.","Website › Tools › Colour workspace","207","2026-09-25"
"website","website/tools/colour-workspace/colour-science-lab/docs/getting-started.md","Getting started with the Color Science Lab","Open the Color Science Lab, learn its five views, and make your first measurements.","Website › Tools › Colour workspace","414","2026-09-25"
"website","website/tools/colour-workspace/colour-science-lab/docs/arrange-link-save-export.md","Arrange, link, save and export panels","Move, resize, pin, dock and link Color Science Lab panels, arrange them with the Color Control centre, export a combined image, and save panels to your Library.","Website › Tools › Colour workspace","796","2026-09-25"
"website","website/tools/colour-workspace/colour-science-lab/docs/catalogue-and-panels.md","The Catalogue and its panels","Find tools in the Catalogue, and use every control and tab of a Color Science Lab tool panel.","Website › Tools › Colour workspace","1218","2026-09-25"
"website","website/tools/colour-workspace/colour-science-lab/docs/catalogue-compare-and-analytics.md","Catalogue Compare and Analytics","Preview up to eight tools on a six-colour test palette, and explore the lab's heat map, mind map, statistics and catalogue, with JSON and CSV export.","Website › Tools › Colour workspace","579","2026-09-25"
"website","website/tools/colour-workspace/colour-science-lab/docs/compare-two-colours.md","Compare two colours","Measure the difference between a reference and a candidate colour with ΔE 2000, ΔE 1994, ΔE 1976 and Oklab distance, and see whether the gap is lightness, chroma or hue.","Website › Tools › Colour workspace","411","2026-09-25"
"website","website/tools/colour-workspace/colour-science-lab/docs/gamut-audit.md","Gamut audit","Check a palette against sRGB, Display P3, Adobe RGB and Rec. 2020, see how much headroom its tightest colour has, and what clipping would cost.","Website › Tools › Colour workspace","424","2026-09-25"
"website","website/tools/colour-workspace/colour-science-lab/docs/illuminants.md","Illuminants","See one colour adapted to seven CIE illuminants with the Bradford transform, and how far it shifts under each.","Website › Tools › Colour workspace","342","2026-09-25"
"website","website/tools/colour-workspace/colour-science-lab/docs/tool-list.md","The 45 tools","Every Color Science Lab panel tool by domain, with its level, what it is for and its default model.","Website › Tools › Colour workspace","1251","2026-09-25"
"website","website/tools/colour-workspace/colour-science-lab/docs/workbench.md","The Workbench","Resolve one colour into CIE XYZ, xyY, Lab, LCh, Oklab, Oklch, sRGB, HSL and CMYK under a chosen illuminant, standard observer and adaptation transform, and see its gamut and how it shifts under other lights.","Website › Tools › Colour workspace","725","2026-09-25"
"website","website/tools/colour-workspace/colour-science-lab/docs/reference.md","Color Science Lab reference","Every view, control, option, default, output and file of the Color Science Lab in one place.","Website › Tools › Colour workspace","894","2026-09-25"
"website","website/tools/colour-workspace/colour-science-lab/docs/troubleshooting.md","Troubleshooting the Color Science Lab","Symptoms you may meet in the Color Science Lab, why they happen, and what to do.","Website › Tools › Colour workspace","480","2026-09-25"
"website","website/tools/colour-workspace/colour-science-lab/docs/faq.md","Color Science Lab FAQ","Short answers to common questions about the Color Science Lab.","Website › Tools › Colour workspace","204","2026-09-25"
"website","website/tools/colour-workspace/colour-science-lab/others/README.md","Supporting material","Glossary, shortcuts, limits, related tools and privacy notes for the Color Science Lab.","Website › Tools › Colour workspace","93","2026-09-25"
"website","website/tools/colour-workspace/colour-science-lab/others/shortcuts.md","Shortcuts","Keyboard shortcuts and mouse gestures in the Color Science Lab.","Website › Tools › Colour workspace","237","2026-09-25"
"website","website/tools/colour-workspace/colour-science-lab/others/glossary.md","Glossary","Plain-language definitions of the colour-science terms used in the Color Science Lab documentation.","Website › Tools › Colour workspace","372","2026-09-25"
"website","website/tools/colour-workspace/colour-science-lab/others/limits-and-accuracy.md","Limits and accuracy","What the Color Science Lab computes with published formulas, which previews are illustrative, and what it cannot do.","Website › Tools › Colour workspace","331","2026-09-25"
"website","website/tools/colour-workspace/colour-science-lab/others/privacy.md","Privacy","What the Color Science Lab keeps in your browser and what uses the network.","Website › Tools › Colour workspace","129","2026-09-25"
"website","website/tools/colour-workspace/colour-science-lab/others/related.md","Related tools and reading","Tools and Learn articles that go with the Color Science Lab.","Website › Tools › Colour workspace","126","2026-09-25"
"website","website/tools/colour-workspace/design-engine/README.md","Design System Generator","What the Design System Generator (Design Engine) is, who it is for, where to find it, and how to generate, check and export your first design system.","Website › Tools › Colour workspace","642","2026-09-25"
"website","website/tools/colour-workspace/design-engine/docs/README.md","Design System Generator documentation","The list of guides for the Design System Generator.","Website › Tools › Colour workspace","217","2026-09-25"
"website","website/tools/colour-workspace/design-engine/docs/getting-started.md","Getting started with the Design System Generator","Open the Design System Generator, learn the layout, and generate, check and export your first design system.","Website › Tools › Colour workspace","603","2026-09-25"
"website","website/tools/colour-workspace/design-engine/docs/compare.md","Compare styles and industries","Run your brief through every style or every industry at once, sort the results, and adopt the one you prefer.","Website › Tools › Colour workspace","358","2026-09-25"
"website","website/tools/colour-workspace/design-engine/docs/component-playground.md","Use the component playground","Try your generated tokens on a live, clickable component gallery, and change the preview's theme, density, corners, elevation, button shape and viewport.","Website › Tools › Colour workspace","730","2026-09-25"
"website","website/tools/colour-workspace/design-engine/docs/contrast-audit.md","Check contrast with the audit","Read the always-visible audit rail, understand the score, open the full audit for both themes, and use the suggested fixes.","Website › Tools › Colour workspace","1044","2026-09-25"
"website","website/tools/colour-workspace/design-engine/docs/export-tokens.md","Export tokens","Browse and search every token, then copy or download the system in any of twelve formats, and know what each format contains.","Website › Tools › Colour workspace","904","2026-09-25"
"website","website/tools/colour-workspace/design-engine/docs/read-the-system.md","Read the system","What the Overview, Colour, Type, Icons and Scales tabs show, and how to copy any value from them.","Website › Tools › Colour workspace","1127","2026-09-25"
"website","website/tools/colour-workspace/design-engine/docs/set-the-brief.md","Set the brief","What every input in the brief rail does: industry, style, contrast target, density, seed, harmony, colour mode, corner style, type ratio, ramp shape and token naming.","Website › Tools › Colour workspace","1496","2026-09-25"
"website","website/tools/colour-workspace/design-engine/docs/share-save-and-connect.md","Share, save and connect","Share a link that rebuilds a system, save systems to your Library and restore them, and send the palette, fonts and icons to other Auric Artisan tools.","Website › Tools › Colour workspace","757","2026-09-25"
"website","website/tools/colour-workspace/design-engine/docs/reference.md","Design System Generator reference","Every control, option, default, view and output of the Design System Generator in one place.","Website › Tools › Colour workspace","1550","2026-09-25"
"website","website/tools/colour-workspace/design-engine/docs/troubleshooting.md","Troubleshooting the Design System Generator","Symptoms you may meet in the Design System Generator, why they happen, and what to do.","Website › Tools › Colour workspace","852","2026-09-25"
"website","website/tools/colour-workspace/design-engine/docs/faq.md","Design System Generator FAQ","Short answers to common questions about the Design System Generator.","Website › Tools › Colour workspace","342","2026-09-25"
"website","website/tools/colour-workspace/design-engine/others/README.md","Supporting material","Glossary, limits, related tools and privacy notes for the Design System Generator.","Website › Tools › Colour workspace","105","2026-09-25"
"website","website/tools/colour-workspace/design-engine/others/glossary.md","Glossary","Plain-language definitions of the terms used in the Design System Generator documentation.","Website › Tools › Colour workspace","436","2026-09-25"
"website","website/tools/colour-workspace/design-engine/others/limits-and-accuracy.md","Limits and accuracy","What the Design System Generator calculates, how reliable the audit and score are, and where the output stops.","Website › Tools › Colour workspace","358","2026-09-25"
"website","website/tools/colour-workspace/design-engine/others/privacy.md","Privacy","What the Design System Generator keeps in your browser, what it saves, and which services it contacts.","Website › Tools › Colour workspace","261","2026-09-25"
"website","website/tools/colour-workspace/design-engine/others/related.md","Related tools and reading","Tools, services and Learn articles that go with the Design System Generator.","Website › Tools › Colour workspace","206","2026-09-25"
"website","website/tools/colour-workspace/font-library/README.md","Font Library","What the Font Library is, who it is for, where to find it, and how to find, test, compare and take away open-licence fonts from the Auric Artisan catalogue.","Website › Tools › Colour workspace","573","2026-09-25"
"website","website/tools/colour-workspace/font-library/docs/README.md","Font Library documentation","The list of guides for the Font Library.","Website › Tools › Colour workspace","161","2026-09-25"
"website","website/tools/colour-workspace/font-library/docs/getting-started.md","Getting started with the Font Library","Open the Font Library, learn its layout, and find, test and keep your first family.","Website › Tools › Colour workspace","458","2026-09-25"
"website","website/tools/colour-workspace/font-library/docs/browse-and-filter.md","Browse, search and filter","Preview your own text, set the specimen size, search, sort, pick a category, narrow with filter chips, and switch between grid and list.","Website › Tools › Colour workspace","748","2026-09-25"
"website","website/tools/colour-workspace/font-library/docs/collections-and-recommender.md","Collections and the recommender","The six curated collections, the Find your font recommender, and the Recently viewed strip.","Website › Tools › Colour workspace","626","2026-09-25"
"website","website/tools/colour-workspace/font-library/docs/develop-and-embed.md","Develop and embed","Copy a font stack, CSS variables, Tailwind, SCSS, design tokens or a modular type scale from the Develop tab, and embed code from the Use & Embed tab.","Website › Tools › Colour workspace","585","2026-09-25"
"website","website/tools/colour-workspace/font-library/docs/family-details.md","Family details","The Suitability, Pairings, Glyphs, Features, Styles, About, License and Charset tabs of the family panel.","Website › Tools › Colour workspace","989","2026-09-25"
"website","website/tools/colour-workspace/font-library/docs/kit-compare-and-download.md","Your kit, compare and download","Select families into Your kit, see them in the Selected view, compare up to four side by side, copy combined embed code, and download self-hosting kits.","Website › Tools › Colour workspace","729","2026-09-25"
"website","website/tools/colour-workspace/font-library/docs/specimen-panel.md","The specimen panel","How the family panel docks, resizes and closes, and how to use the Specimen tab's editor, variable axes, named instances, OpenType switches and presets.","Website › Tools › Colour workspace","790","2026-09-25"
"website","website/tools/colour-workspace/font-library/docs/reference.md","Font Library reference","Every view, control, option, file and message in the Font Library in one place.","Website › Tools › Colour workspace","993","2026-09-25"
"website","website/tools/colour-workspace/font-library/docs/troubleshooting.md","Troubleshooting","Fixes for common problems in the Font Library, from an empty page to downloads and shortcuts that do not behave.","Website › Tools › Colour workspace","665","2026-09-25"
"website","website/tools/colour-workspace/font-library/docs/faq.md","Frequently asked questions","Short answers to common questions about the Font Library.","Website › Tools › Colour workspace","393","2026-09-25"
"website","website/tools/colour-workspace/font-library/others/README.md","Supporting material","The glossary, shortcuts, limits, related tools and privacy notes for the Font Library.","Website › Tools › Colour workspace","89","2026-09-25"
"website","website/tools/colour-workspace/font-library/others/shortcuts.md","Shortcuts","Keyboard shortcuts and the command palette in the Font Library.","Website › Tools › Colour workspace","366","2026-09-25"
"website","website/tools/colour-workspace/font-library/others/glossary.md","Glossary","Type and font terms used in the Font Library and its documentation.","Website › Tools › Colour workspace","449","2026-09-25"
"website","website/tools/colour-workspace/font-library/others/limits-and-accuracy.md","Limits and accuracy","What the Font Library's catalogue, categories, scores, recommendations and previews can and cannot tell you.","Website › Tools › Colour workspace","557","2026-09-25"
"website","website/tools/colour-workspace/font-library/others/privacy.md","Privacy","What the Font Library keeps in your browser and what uses the network.","Website › Tools › Colour workspace","201","2026-09-25"
"website","website/tools/colour-workspace/font-library/others/related.md","Related tools and reading","Tools, services and reading that go with the Font Library.","Website › Tools › Colour workspace","99","2026-09-25"
"website","website/tools/colour-workspace/icon-library/README.md","Icon Library","What the Icon Library is, who it is for, where to find it, and how to find, restyle and take away icons from seven open-licence sets.","Website › Tools › Colour workspace","436","2026-09-25"
"website","website/tools/colour-workspace/icon-library/docs/README.md","Icon Library documentation","The list of guides for the Icon Library.","Website › Tools › Colour workspace","132","2026-09-25"
"website","website/tools/colour-workspace/icon-library/docs/getting-started.md","Getting started with the Icon Library","Open the Icon Library, learn its layout, and find, restyle and copy your first icon.","Website › Tools › Colour workspace","346","2026-09-25"
"website","website/tools/colour-workspace/icon-library/docs/browse-and-filter.md","Browse, search and filter","Search, sort, choose a set and style, filter by category and licence, and preview every icon at your size, stroke and colour.","Website › Tools › Colour workspace","703","2026-09-25"
"website","website/tools/colour-workspace/icon-library/docs/icon-panel.md","The icon panel","Preview an icon large, switch its style, size, colour and stroke, copy it as SVG, JSX, a data URI or a CDN tag, download it, and read its details.","Website › Tools › Colour workspace","736","2026-09-25"
"website","website/tools/colour-workspace/icon-library/docs/kit-and-export.md","Your kit and export","Select icons into Your kit, and take them away as a ZIP of SVG files or a single SVG sprite.","Website › Tools › Colour workspace","449","2026-09-25"
"website","website/tools/colour-workspace/icon-library/docs/sets-and-finder.md","Sets, collections and Find your icon","The Sets view, the featured collections, the Find your icon panel and the Recently viewed strip.","Website › Tools › Colour workspace","554","2026-09-25"
"website","website/tools/colour-workspace/icon-library/docs/reference.md","Icon Library reference","Every view, control, set, style, file and message in the Icon Library in one place.","Website › Tools › Colour workspace","782","2026-09-25"
"website","website/tools/colour-workspace/icon-library/docs/troubleshooting.md","Troubleshooting","Fixes for common problems in the Icon Library, from an empty page to filters and exports that do not behave as expected.","Website › Tools › Colour workspace","528","2026-09-25"
"website","website/tools/colour-workspace/icon-library/docs/faq.md","Frequently asked questions","Short answers to common questions about the Icon Library.","Website › Tools › Colour workspace","256","2026-09-25"
"website","website/tools/colour-workspace/icon-library/others/README.md","Supporting material","The glossary, shortcuts, limits, related tools and privacy notes for the Icon Library.","Website › Tools › Colour workspace","87","2026-09-25"
"website","website/tools/colour-workspace/icon-library/others/shortcuts.md","Shortcuts","Keyboard shortcuts and the command palette in the Icon Library.","Website › Tools › Colour workspace","280","2026-09-25"
"website","website/tools/colour-workspace/icon-library/others/glossary.md","Glossary","Icon and SVG terms used in the Icon Library and its documentation.","Website › Tools › Colour workspace","260","2026-09-25"
"website","website/tools/colour-workspace/icon-library/others/limits-and-accuracy.md","Limits and accuracy","What the Icon Library's catalogue, search, recommendations and exports can and cannot do.","Website › Tools › Colour workspace","338","2026-09-25"
"website","website/tools/colour-workspace/icon-library/others/privacy.md","Privacy","What the Icon Library keeps in your browser and what uses the network.","Website › Tools › Colour workspace","178","2026-09-25"
"website","website/tools/colour-workspace/icon-library/others/related.md","Related tools and reading","Tools and services that go with the Icon Library.","Website › Tools › Colour workspace","87","2026-09-25"
"website","website/tools/colour-workspace/personalisation-generator/README.md","Personalization Generator","What the Personalization Generator is, who it is for, where to find it, and how to turn a colour pool and a short brief into palettes, gradients, type, UI pairs, posters, design tokens and a live brand Studio.","Website › Tools › Colour workspace","615","2026-09-25"
"website","website/tools/colour-workspace/personalisation-generator/docs/README.md","Personalization Generator documentation","The list of guides for the Personalization Generator.","Website › Tools › Colour workspace","182","2026-09-25"
"website","website/tools/colour-workspace/personalisation-generator/docs/getting-started.md","Getting started with the Personalization Generator","Open the Personalization Generator, learn its layout, and run your first sweep.","Website › Tools › Colour workspace","421","2026-09-25"
"website","website/tools/colour-workspace/personalisation-generator/docs/brand-studio.md","Brand Studio","Paint any generated palette across sixteen live mockups, switch theme and density, inspect tokens, swap colours live and save the brand system.","Website › Tools › Colour workspace","732","2026-09-25"
"website","website/tools/colour-workspace/personalisation-generator/docs/build-the-pool.md","Build your colour pool","Add, generate, randomise, nudge and remove the colours the Personalization Generator builds palettes around, and read the pool statistics.","Website › Tools › Colour workspace","652","2026-09-25"
"website","website/tools/colour-workspace/personalisation-generator/docs/design-tokens.md","Design tokens","The token system the Personalization Generator builds from the top palette — semantic roles, tonal ramps, light, dark and high-contrast themes, a WCAG and APCA audit, and data-visualisation scales — and how to copy it.","Website › Tools › Colour workspace","877","2026-09-25"
"website","website/tools/colour-workspace/personalisation-generator/docs/export-and-save.md","Export, save and share","Copy CSS, download the JSON snapshot, save results to your Library, bring Library colours in, and automate the generator through the Public API.","Website › Tools › Colour workspace","737","2026-09-25"
"website","website/tools/colour-workspace/personalisation-generator/docs/presets.md","Presets","The seventeen starting points in the Personalization Generator and what loading one changes.","Website › Tools › Colour workspace","327","2026-09-25"
"website","website/tools/colour-workspace/personalisation-generator/docs/result-tabs.md","Palettes, gradients, typography, UI pairs and posters","What each result tab of the Personalization Generator shows, how the cards are scored, and what every card button copies or saves.","Website › Tools › Colour workspace","1104","2026-09-25"
"website","website/tools/colour-workspace/personalisation-generator/docs/run-a-sweep.md","Run a sweep and read the results","Start, stop and repeat sweeps, follow their progress, and read The run panel and the Overview tab.","Website › Tools › Colour workspace","765","2026-09-25"
"website","website/tools/colour-workspace/personalisation-generator/docs/tune-the-sweep.md","Tune the sweep","Style chips, use case, the brief, engine settings, scoring weights and filters, and what each one changes in the Personalization Generator.","Website › Tools › Colour workspace","938","2026-09-25"
"website","website/tools/colour-workspace/personalisation-generator/docs/reference.md","Personalization Generator reference","Every control, setting, range, default and list in the Personalization Generator in one place.","Website › Tools › Colour workspace","1332","2026-09-25"
"website","website/tools/colour-workspace/personalisation-generator/docs/troubleshooting.md","Troubleshooting","Fixes for common problems in the Personalization Generator, from lost results to unreadable palettes.","Website › Tools › Colour workspace","713","2026-09-25"
"website","website/tools/colour-workspace/personalisation-generator/docs/faq.md","Frequently asked questions","Short answers to common questions about the Personalization Generator.","Website › Tools › Colour workspace","525","2026-09-25"
"website","website/tools/colour-workspace/personalisation-generator/others/README.md","Supporting material","The glossary, limits, related tools and privacy notes for the Personalization Generator.","Website › Tools › Colour workspace","92","2026-09-25"
"website","website/tools/colour-workspace/personalisation-generator/others/glossary.md","Glossary","Terms used in the Personalization Generator and its documentation.","Website › Tools › Colour workspace","410","2026-09-25"
"website","website/tools/colour-workspace/personalisation-generator/others/limits-and-accuracy.md","Limits and accuracy","What the Personalization Generator's scores, contrast checks, colour-vision checks and previews can and cannot tell you.","Website › Tools › Colour workspace","527","2026-09-25"
"website","website/tools/colour-workspace/personalisation-generator/others/privacy.md","Privacy","What the Personalization Generator keeps in your browser and what uses the network.","Website › Tools › Colour workspace","208","2026-09-25"
"website","website/tools/colour-workspace/personalisation-generator/others/related.md","Related tools and reading","Tools, services and Learn articles that go with the Personalization Generator.","Website › Tools › Colour workspace","169","2026-09-25"
"website","website/tools/colorimetry-and-rendering/README.md","Colorimetry and rendering tools","What the colorimetry, gamut and rendering tools on auricartisan.com are for, where to find them, and which one to open for your question.","Website › Tools › Colorimetry and rendering","785","2026-09-25"
"website","website/tools/colorimetry-and-rendering/chromatic-adaptation/README.md","Chromatic Adaptation","What the Chromatic Adaptation lab does, who it is for, where to find it and how to adapt your first image.","Website › Tools › Colorimetry and rendering","602","2026-09-25"
"website","website/tools/colorimetry-and-rendering/chromatic-adaptation/docs/README.md","Chromatic Adaptation documentation","The guides, reference and help pages for the Chromatic Adaptation lab.","Website › Tools › Colorimetry and rendering","133","2026-09-25"
"website","website/tools/colorimetry-and-rendering/chromatic-adaptation/docs/getting-started.md","Getting started with Chromatic Adaptation","Open the Chromatic Adaptation lab, learn its tabs and controls, and adapt your first image.","Website › Tools › Colorimetry and rendering","778","2026-09-25"
"website","website/tools/colorimetry-and-rendering/chromatic-adaptation/docs/adapt-a-colour-list.md","Adapt a list of colours","Paste up to 50 HEX colours and get their adapted values, colour shift and L*C*h° at the current adaptation state.","Website › Tools › Colorimetry and rendering","358","2026-09-25"
"website","website/tools/colorimetry-and-rendering/chromatic-adaptation/docs/adapt-an-image.md","Adapt an image to a new light","Load a photo, adapt it between two illuminants with a chosen transform and degree of adaptation, and export the frame.","Website › Tools › Colorimetry and rendering","659","2026-09-25"
"website","website/tools/colorimetry-and-rendering/chromatic-adaptation/docs/compare-transforms-and-copy-matrices.md","Compare transforms and copy a matrix","Read the adaptation matrix, check its round trip, copy it as code, and compare all eight transforms on your illuminant pair.","Website › Tools › Colorimetry and rendering","764","2026-09-25"
"website","website/tools/colorimetry-and-rendering/chromatic-adaptation/docs/explore-the-time-course.md","Explore the adaptation time course","Use the Dynamics tab to see how quickly the eye adapts to a new light, with the two-phase model and its single-exponential predecessor side by side.","Website › Tools › Colorimetry and rendering","438","2026-09-25"
"website","website/tools/colorimetry-and-rendering/chromatic-adaptation/docs/reference.md","Chromatic Adaptation reference","Every control, readout, option and export in the Chromatic Adaptation lab.","Website › Tools › Colorimetry and rendering","1943","2026-09-25"
"website","website/tools/colorimetry-and-rendering/chromatic-adaptation/docs/troubleshooting.md","Troubleshooting Chromatic Adaptation","Fixes for common problems in the Chromatic Adaptation lab.","Website › Tools › Colorimetry and rendering","553","2026-09-25"
"website","website/tools/colorimetry-and-rendering/chromatic-adaptation/docs/faq.md","Chromatic Adaptation FAQ","Short answers to common questions about the Chromatic Adaptation lab.","Website › Tools › Colorimetry and rendering","396","2026-09-25"
"website","website/tools/colorimetry-and-rendering/chromatic-adaptation/others/README.md","Chromatic Adaptation: supporting pages","Glossary, shortcuts, limits, related tools, release notes and privacy for the Chromatic Adaptation lab.","Website › Tools › Colorimetry and rendering","103","2026-09-25"
"website","website/tools/colorimetry-and-rendering/chromatic-adaptation/others/shortcuts.md","Chromatic Adaptation shortcuts","Keyboard and mouse shortcuts in the Chromatic Adaptation lab.","Website › Tools › Colorimetry and rendering","128","2026-09-25"
"website","website/tools/colorimetry-and-rendering/chromatic-adaptation/others/glossary.md","Chromatic Adaptation glossary","Plain-language definitions of the terms used in the Chromatic Adaptation lab.","Website › Tools › Colorimetry and rendering","489","2026-09-25"
"website","website/tools/colorimetry-and-rendering/chromatic-adaptation/others/limits-and-accuracy.md","Chromatic Adaptation limits and accuracy","What the Chromatic Adaptation lab computes exactly, what it approximates, and what it does not do.","Website › Tools › Colorimetry and rendering","380","2026-09-25"
"website","website/tools/colorimetry-and-rendering/chromatic-adaptation/others/privacy.md","Chromatic Adaptation privacy","What the Chromatic Adaptation lab does with your images and settings.","Website › Tools › Colorimetry and rendering","160","2026-09-25"
"website","website/tools/colorimetry-and-rendering/chromatic-adaptation/others/release-notes.md","Chromatic Adaptation release notes","User-facing changes to the Chromatic Adaptation lab.","Website › Tools › Colorimetry and rendering","215","2026-09-25"
"website","website/tools/colorimetry-and-rendering/chromatic-adaptation/others/related.md","Related to Chromatic Adaptation","Tools and Learn articles that go well with the Chromatic Adaptation lab.","Website › Tools › Colorimetry and rendering","171","2026-09-25"
"website","website/tools/colorimetry-and-rendering/gamut-lab/README.md","Gamut Lab","What the Gamut Lab does, who it is for, where to find it and how to compare your first colour spaces.","Website › Tools › Colorimetry and rendering","588","2026-09-25"
"website","website/tools/colorimetry-and-rendering/gamut-lab/docs/README.md","Gamut Lab documentation","The guides, reference and help pages for the Gamut Lab.","Website › Tools › Colorimetry and rendering","121","2026-09-25"
"website","website/tools/colorimetry-and-rendering/gamut-lab/docs/getting-started.md","Getting started with the Gamut Lab","Open the Gamut Lab, learn its tabs and panels, and read the chromaticity diagram.","Website › Tools › Colorimetry and rendering","550","2026-09-25"
"website","website/tools/colorimetry-and-rendering/gamut-lab/docs/compare-colour-spaces.md","Compare colour spaces","Compare RGB spaces by triangle, slice, CIELAB volume, u′v′ overlap and share of the spectral locus.","Website › Tools › Colorimetry and rendering","655","2026-09-25"
"website","website/tools/colorimetry-and-rendering/gamut-lab/docs/define-a-custom-space.md","Define a custom colour space","Enter your own primaries and white point, derive the RGB ↔ XYZ matrices, and keep, import or export the space.","Website › Tools › Colorimetry and rendering","530","2026-09-25"
"website","website/tools/colorimetry-and-rendering/gamut-lab/docs/inspect-transfer-functions.md","Inspect transfer functions","Read each space's transfer curve, understand EOTF and OETF, and check which curves are exact to their standard.","Website › Tools › Colorimetry and rendering","476","2026-09-25"
"website","website/tools/colorimetry-and-rendering/gamut-lab/docs/reference.md","Gamut Lab reference","Every control, readout, option and export in the Gamut Lab.","Website › Tools › Colorimetry and rendering","1566","2026-09-25"
"website","website/tools/colorimetry-and-rendering/gamut-lab/docs/troubleshooting.md","Troubleshooting the Gamut Lab","Fixes for common problems in the Gamut Lab.","Website › Tools › Colorimetry and rendering","532","2026-09-25"
"website","website/tools/colorimetry-and-rendering/gamut-lab/docs/faq.md","Gamut Lab FAQ","Short answers to common questions about the Gamut Lab.","Website › Tools › Colorimetry and rendering","336","2026-09-25"
"website","website/tools/colorimetry-and-rendering/gamut-lab/others/README.md","Gamut Lab: supporting pages","Glossary, shortcuts, limits, related tools, release notes and privacy for the Gamut Lab.","Website › Tools › Colorimetry and rendering","79","2026-09-25"
"website","website/tools/colorimetry-and-rendering/gamut-lab/others/shortcuts.md","Gamut Lab shortcuts","Keyboard and mouse shortcuts in the Gamut Lab.","Website › Tools › Colorimetry and rendering","78","2026-09-25"
"website","website/tools/colorimetry-and-rendering/gamut-lab/others/glossary.md","Gamut Lab glossary","Plain-language definitions of the terms used in the Gamut Lab.","Website › Tools › Colorimetry and rendering","421","2026-09-25"
"website","website/tools/colorimetry-and-rendering/gamut-lab/others/limits-and-accuracy.md","Gamut Lab limits and accuracy","How far the Gamut Lab's diagrams, curves, areas and volumes can be trusted.","Website › Tools › Colorimetry and rendering","359","2026-09-25"
"website","website/tools/colorimetry-and-rendering/gamut-lab/others/privacy.md","Gamut Lab privacy","What the Gamut Lab stores, where, and what leaves your device.","Website › Tools › Colorimetry and rendering","150","2026-09-25"
"website","website/tools/colorimetry-and-rendering/gamut-lab/others/release-notes.md","Gamut Lab release notes","User-facing changes to the Gamut Lab.","Website › Tools › Colorimetry and rendering","226","2026-09-25"
"website","website/tools/colorimetry-and-rendering/gamut-lab/others/related.md","Related to the Gamut Lab","Tools and Learn articles that go well with the Gamut Lab.","Website › Tools › Colorimetry and rendering","165","2026-09-25"
"website","website/tools/colorimetry-and-rendering/gamut-map/README.md","Gamut Mapping","What the Gamut Mapping lab does, who it is for, where to find it and how to map your first colour.","Website › Tools › Colorimetry and rendering","599","2026-09-25"
"website","website/tools/colorimetry-and-rendering/gamut-map/docs/README.md","Gamut Mapping documentation","The guides, reference and help pages for the Gamut Mapping lab.","Website › Tools › Colorimetry and rendering","124","2026-09-25"
"website","website/tools/colorimetry-and-rendering/gamut-map/docs/getting-started.md","Getting started with Gamut Mapping","Open the Gamut Mapping lab, learn its tabs, and read a CIELAB gamut slice.","Website › Tools › Colorimetry and rendering","610","2026-09-25"
"website","website/tools/colorimetry-and-rendering/gamut-map/docs/compare-spaces-and-methods.md","Compare spaces and methods","Use the Boundary and Methods tabs and the ΔE Playground to compare colour spaces, gamut volumes, mapping methods and colour differences.","Website › Tools › Colorimetry and rendering","562","2026-09-25"
"website","website/tools/colorimetry-and-rendering/gamut-map/docs/map-a-colour-list.md","Map a list of colours","Map up to 50 HEX colours at once and export images, settings and a link.","Website › Tools › Colorimetry and rendering","352","2026-09-25"
"website","website/tools/colorimetry-and-rendering/gamut-map/docs/map-a-colour.md","Map a colour into a smaller gamut","Check whether a colour fits a target space, choose a mapping method and strength, and read the result.","Website › Tools › Colorimetry and rendering","616","2026-09-25"
"website","website/tools/colorimetry-and-rendering/gamut-map/docs/reference.md","Gamut Mapping reference","Every control, readout, option and export in the Gamut Mapping lab.","Website › Tools › Colorimetry and rendering","1364","2026-09-25"
"website","website/tools/colorimetry-and-rendering/gamut-map/docs/troubleshooting.md","Troubleshooting Gamut Mapping","Fixes for common problems in the Gamut Mapping lab.","Website › Tools › Colorimetry and rendering","529","2026-09-25"
"website","website/tools/colorimetry-and-rendering/gamut-map/docs/faq.md","Gamut Mapping FAQ","Short answers to common questions about the Gamut Mapping lab.","Website › Tools › Colorimetry and rendering","326","2026-09-25"
"website","website/tools/colorimetry-and-rendering/gamut-map/others/README.md","Gamut Mapping: supporting pages","Glossary, shortcuts, limits, related tools, release notes and privacy for the Gamut Mapping lab.","Website › Tools › Colorimetry and rendering","79","2026-09-25"
"website","website/tools/colorimetry-and-rendering/gamut-map/others/shortcuts.md","Gamut Mapping shortcuts","Keyboard and mouse shortcuts in the Gamut Mapping lab.","Website › Tools › Colorimetry and rendering","99","2026-09-25"
"website","website/tools/colorimetry-and-rendering/gamut-map/others/glossary.md","Gamut Mapping glossary","Plain-language definitions of the terms used in the Gamut Mapping lab.","Website › Tools › Colorimetry and rendering","441","2026-09-25"
"website","website/tools/colorimetry-and-rendering/gamut-map/others/limits-and-accuracy.md","Gamut Mapping limits and accuracy","What the Gamut Mapping lab computes exactly, what it approximates and what it does not do.","Website › Tools › Colorimetry and rendering","326","2026-09-25"
"website","website/tools/colorimetry-and-rendering/gamut-map/others/privacy.md","Gamut Mapping privacy","What the Gamut Mapping lab does with your colours and settings.","Website › Tools › Colorimetry and rendering","104","2026-09-25"
"website","website/tools/colorimetry-and-rendering/gamut-map/others/release-notes.md","Gamut Mapping release notes","User-facing changes to the Gamut Mapping lab.","Website › Tools › Colorimetry and rendering","194","2026-09-25"
"website","website/tools/colorimetry-and-rendering/gamut-map/others/related.md","Related to Gamut Mapping","Tools and Learn articles that go well with the Gamut Mapping lab.","Website › Tools › Colorimetry and rendering","173","2026-09-25"
"website","website/tools/colorimetry-and-rendering/hdr-gamut-plot/README.md","HDR Gamut Plot","What the HDR Gamut Plot does, who it is for, where to find it and how to take your first reading.","Website › Tools › Colorimetry and rendering","578","2026-09-25"
"website","website/tools/colorimetry-and-rendering/hdr-gamut-plot/docs/README.md","HDR Gamut Plot documentation","The guides, reference and help pages for the HDR Gamut Plot.","Website › Tools › Colorimetry and rendering","121","2026-09-25"
"website","website/tools/colorimetry-and-rendering/hdr-gamut-plot/docs/getting-started.md","Getting started with the HDR Gamut Plot","Open the HDR Gamut Plot, learn its tabs, and read the chromaticity diagram.","Website › Tools › Colorimetry and rendering","497","2026-09-25"
"website","website/tools/colorimetry-and-rendering/hdr-gamut-plot/docs/compare-broadcast-gamuts.md","Compare broadcast gamuts","Compare Rec.709/sRGB, Display P3 and Rec.2020 by area and share of the spectral locus, and measure how much of each an image occupies.","Website › Tools › Colorimetry and rendering","477","2026-09-25"
"website","website/tools/colorimetry-and-rendering/hdr-gamut-plot/docs/explore-perceptual-planes.md","Explore ICtCp and Jzazbz planes","View the three gamuts in the ICtCp or Jzazbz perceptual planes, read the boundary rings from 0.1 to 10,000 nits, and convert HEX colours.","Website › Tools › Colorimetry and rendering","454","2026-09-25"
"website","website/tools/colorimetry-and-rendering/hdr-gamut-plot/docs/read-hdr-curves.md","Read HDR transfer curves","Compare PQ, HLG and gamma curves in cd/m², set peak brightness and HLG surround, and read what a signal value means in nits.","Website › Tools › Colorimetry and rendering","600","2026-09-25"
"website","website/tools/colorimetry-and-rendering/hdr-gamut-plot/docs/reference.md","HDR Gamut Plot reference","Every control, readout, option and export in the HDR Gamut Plot.","Website › Tools › Colorimetry and rendering","1238","2026-09-25"
"website","website/tools/colorimetry-and-rendering/hdr-gamut-plot/docs/troubleshooting.md","Troubleshooting the HDR Gamut Plot","Fixes for common problems in the HDR Gamut Plot.","Website › Tools › Colorimetry and rendering","480","2026-09-25"
"website","website/tools/colorimetry-and-rendering/hdr-gamut-plot/docs/faq.md","HDR Gamut Plot FAQ","Short answers to common questions about the HDR Gamut Plot.","Website › Tools › Colorimetry and rendering","341","2026-09-25"
"website","website/tools/colorimetry-and-rendering/hdr-gamut-plot/others/README.md","HDR Gamut Plot: supporting pages","Glossary, shortcuts, limits, related tools, release notes and privacy for the HDR Gamut Plot.","Website › Tools › Colorimetry and rendering","83","2026-09-25"
"website","website/tools/colorimetry-and-rendering/hdr-gamut-plot/others/shortcuts.md","HDR Gamut Plot shortcuts","Keyboard and mouse shortcuts in the HDR Gamut Plot.","Website › Tools › Colorimetry and rendering","143","2026-09-25"
"website","website/tools/colorimetry-and-rendering/hdr-gamut-plot/others/glossary.md","HDR Gamut Plot glossary","Plain-language definitions of the HDR and colour terms used in the HDR Gamut Plot.","Website › Tools › Colorimetry and rendering","378","2026-09-25"
"website","website/tools/colorimetry-and-rendering/hdr-gamut-plot/others/limits-and-accuracy.md","HDR Gamut Plot limits and accuracy","How far the HDR Gamut Plot's curves, planes, shares and image readings can be trusted.","Website › Tools › Colorimetry and rendering","301","2026-09-25"
"website","website/tools/colorimetry-and-rendering/hdr-gamut-plot/others/privacy.md","HDR Gamut Plot privacy","What the HDR Gamut Plot does with your images, colours and settings.","Website › Tools › Colorimetry and rendering","119","2026-09-25"
"website","website/tools/colorimetry-and-rendering/hdr-gamut-plot/others/release-notes.md","HDR Gamut Plot release notes","User-facing changes to the HDR Gamut Plot.","Website › Tools › Colorimetry and rendering","203","2026-09-25"
"website","website/tools/colorimetry-and-rendering/hdr-gamut-plot/others/related.md","Related to the HDR Gamut Plot","Tools and Learn articles that go well with the HDR Gamut Plot.","Website › Tools › Colorimetry and rendering","155","2026-09-25"
"website","website/tools/colorimetry-and-rendering/illuminants/README.md","Illuminants","What the Standard Illuminants lab does, who it is for, where to find it and how to take your first reading.","Website › Tools › Colorimetry and rendering","692","2026-09-25"
"website","website/tools/colorimetry-and-rendering/illuminants/docs/README.md","Illuminants documentation","The guides, reference and help pages for the Standard Illuminants lab.","Website › Tools › Colorimetry and rendering","145","2026-09-25"
"website","website/tools/colorimetry-and-rendering/illuminants/docs/getting-started.md","Getting started with Illuminants","Open the Standard Illuminants lab, learn its eight tabs and take your first reading of a light source.","Website › Tools › Colorimetry and rendering","808","2026-09-25"
"website","website/tools/colorimetry-and-rendering/illuminants/docs/adapt-between-white-points.md","Adapt colours between white points","Use the chromatic adaptation panel to move a 24-colour chart from one white point to another and read the transform matrix.","Website › Tools › Colorimetry and rendering","607","2026-09-25"
"website","website/tools/colorimetry-and-rendering/illuminants/docs/compare-light-sources.md","Compare two light sources","Overlay two illuminants, read their CCT, CRI and white points side by side, and judge metamerism risk with the surface samples.","Website › Tools › Colorimetry and rendering","603","2026-09-25"
"website","website/tools/colorimetry-and-rendering/illuminants/docs/estimate-uncertainty.md","Estimate measurement uncertainty","Propagate a spectroradiometer uncertainty budget into x, y, CCT and Duv with the Monte Carlo view.","Website › Tools › Colorimetry and rendering","689","2026-09-25"
"website","website/tools/colorimetry-and-rendering/illuminants/docs/query-console.md","Query many illuminants at once","Use the Console tab's query language to tabulate, sort, plot and export readings for many illuminants.","Website › Tools › Colorimetry and rendering","765","2026-09-25"
"website","website/tools/colorimetry-and-rendering/illuminants/docs/reference.md","Illuminants reference","Every control, readout, option and export in the Standard Illuminants lab, tab by tab.","Website › Tools › Colorimetry and rendering","2291","2026-09-25"
"website","website/tools/colorimetry-and-rendering/illuminants/docs/troubleshooting.md","Troubleshooting Illuminants","What to do when a reading, chart, export or shortcut in the Standard Illuminants lab does not behave as expected.","Website › Tools › Colorimetry and rendering","630","2026-09-25"
"website","website/tools/colorimetry-and-rendering/illuminants/docs/faq.md","Illuminants FAQ","Short answers to common questions about the Standard Illuminants lab.","Website › Tools › Colorimetry and rendering","484","2026-09-25"
"website","website/tools/colorimetry-and-rendering/illuminants/others/README.md","Illuminants: supporting pages","Glossary, shortcuts, limits, related tools, release notes and privacy for the Standard Illuminants lab.","Website › Tools › Colorimetry and rendering","109","2026-09-25"
"website","website/tools/colorimetry-and-rendering/illuminants/others/shortcuts.md","Illuminants shortcuts","Keyboard and mouse shortcuts in the Standard Illuminants lab.","Website › Tools › Colorimetry and rendering","208","2026-09-25"
"website","website/tools/colorimetry-and-rendering/illuminants/others/glossary.md","Illuminants glossary","Plain-language definitions of the colour-science terms used in the Standard Illuminants lab.","Website › Tools › Colorimetry and rendering","716","2026-09-25"
"website","website/tools/colorimetry-and-rendering/illuminants/others/limits-and-accuracy.md","Illuminants limits and accuracy","Which Illuminants readings are standard values, which rest on stand-ins, and what the lab does not compute.","Website › Tools › Colorimetry and rendering","536","2026-09-25"
"website","website/tools/colorimetry-and-rendering/illuminants/others/privacy.md","Illuminants privacy","What the Standard Illuminants lab keeps on your device and what, if anything, leaves it.","Website › Tools › Colorimetry and rendering","174","2026-09-25"
"website","website/tools/colorimetry-and-rendering/illuminants/others/release-notes.md","Illuminants release notes","User-facing changes to the Standard Illuminants lab.","Website › Tools › Colorimetry and rendering","226","2026-09-25"
"website","website/tools/colorimetry-and-rendering/illuminants/others/related.md","Related to Illuminants","Tools and Learn articles that go well with the Standard Illuminants lab.","Website › Tools › Colorimetry and rendering","188","2026-09-25"
"website","website/tools/colorimetry-and-rendering/tonal-steps/README.md","Tonal Steps","What the Tonal Steps, Tints and Shades tool does, who it is for, where to find it and how to build your first ramp.","Website › Tools › Colorimetry and rendering","521","2026-09-25"
"website","website/tools/colorimetry-and-rendering/tonal-steps/docs/README.md","Tonal Steps documentation","The guides, reference and help pages for Tonal Steps, Tints and Shades.","Website › Tools › Colorimetry and rendering","134","2026-09-25"
"website","website/tools/colorimetry-and-rendering/tonal-steps/docs/getting-started.md","Getting started with Tonal Steps","Open Tonal Steps, learn its tabs, and build and read your first ramp.","Website › Tools › Colorimetry and rendering","636","2026-09-25"
"website","website/tools/colorimetry-and-rendering/tonal-steps/docs/build-a-ramp.md","Build a ramp","Choose a ramp engine, step count and easing, and judge how even the ramp is.","Website › Tools › Colorimetry and rendering","664","2026-09-25"
"website","website/tools/colorimetry-and-rendering/tonal-steps/docs/check-contrast.md","Check contrast","Read every ramp step's WCAG 2.2 ratio and rating and its APCA-W3 Lc against white, black or the base colour.","Website › Tools › Colorimetry and rendering","432","2026-09-25"
"website","website/tools/colorimetry-and-rendering/tonal-steps/docs/export-tokens.md","Export tokens","Export the ramp, key set or contrast table as CSS, SCSS, JSON or CSV, share a link, and analyse a list of colours.","Website › Tools › Colorimetry and rendering","521","2026-09-25"
"website","website/tools/colorimetry-and-rendering/tonal-steps/docs/tints-shades-tones.md","Make tints, shades, tones and key sets","Build tints, shades, tones, a neutral ladder and 50–950 or 50–900 key sets, and choose the space they are mixed in.","Website › Tools › Colorimetry and rendering","443","2026-09-25"
"website","website/tools/colorimetry-and-rendering/tonal-steps/docs/reference.md","Tonal Steps reference","Every control, readout, option and export in Tonal Steps, Tints and Shades.","Website › Tools › Colorimetry and rendering","1112","2026-09-25"
"website","website/tools/colorimetry-and-rendering/tonal-steps/docs/troubleshooting.md","Troubleshooting Tonal Steps","Fixes for common problems in Tonal Steps, Tints and Shades.","Website › Tools › Colorimetry and rendering","487","2026-09-25"
"website","website/tools/colorimetry-and-rendering/tonal-steps/docs/faq.md","Tonal Steps FAQ","Short answers to common questions about Tonal Steps, Tints and Shades.","Website › Tools › Colorimetry and rendering","287","2026-09-25"
"website","website/tools/colorimetry-and-rendering/tonal-steps/others/README.md","Tonal Steps: supporting pages","Glossary, shortcuts, limits, related tools, release notes and privacy for Tonal Steps.","Website › Tools › Colorimetry and rendering","77","2026-09-25"
"website","website/tools/colorimetry-and-rendering/tonal-steps/others/shortcuts.md","Tonal Steps shortcuts","Keyboard shortcuts in Tonal Steps, Tints and Shades.","Website › Tools › Colorimetry and rendering","118","2026-09-25"
"website","website/tools/colorimetry-and-rendering/tonal-steps/others/glossary.md","Tonal Steps glossary","Plain-language definitions of the terms used in Tonal Steps, Tints and Shades.","Website › Tools › Colorimetry and rendering","327","2026-09-25"
"website","website/tools/colorimetry-and-rendering/tonal-steps/others/limits-and-accuracy.md","Tonal Steps limits and accuracy","What the Tonal Steps figures rest on, how precise they are, and what the tool does not claim.","Website › Tools › Colorimetry and rendering","287","2026-09-25"
"website","website/tools/colorimetry-and-rendering/tonal-steps/others/privacy.md","Tonal Steps privacy","What Tonal Steps does with your colours and settings.","Website › Tools › Colorimetry and rendering","104","2026-09-25"
"website","website/tools/colorimetry-and-rendering/tonal-steps/others/release-notes.md","Tonal Steps release notes","User-facing changes to Tonal Steps, Tints and Shades.","Website › Tools › Colorimetry and rendering","213","2026-09-25"
"website","website/tools/colorimetry-and-rendering/tonal-steps/others/related.md","Related to Tonal Steps","Tools and Learn articles that go well with Tonal Steps, Tints and Shades.","Website › Tools › Colorimetry and rendering","163","2026-09-25"
"website","website/tools/colorimetry-and-rendering/tone-mapping/README.md","Tone Mapping","What the Tone Mapping lab does, who it is for, where to find it and how to map your first frame.","Website › Tools › Colorimetry and rendering","561","2026-09-25"
"website","website/tools/colorimetry-and-rendering/tone-mapping/docs/README.md","Tone Mapping documentation","The guides, reference and help pages for the Tone Mapping lab.","Website › Tools › Colorimetry and rendering","128","2026-09-25"
"website","website/tools/colorimetry-and-rendering/tone-mapping/docs/getting-started.md","Getting started with Tone Mapping","Open the Tone Mapping lab, learn its tabs and the eleven-step pipeline, and read your first mapped frame.","Website › Tools › Colorimetry and rendering","582","2026-09-25"
"website","website/tools/colorimetry-and-rendering/tone-mapping/docs/compare-operators.md","Compare operators","Compare all nine operators by what they return for chosen inputs, where they reach white, and how their curves look.","Website › Tools › Colorimetry and rendering","626","2026-09-25"
"website","website/tools/colorimetry-and-rendering/tone-mapping/docs/export-a-lut.md","Export a LUT","Export the tone curve as a 1D .cube or CSV, the whole pipeline as a 3D .cube, a link to the view, and map a list of colours.","Website › Tools › Colorimetry and rendering","587","2026-09-25"
"website","website/tools/colorimetry-and-rendering/tone-mapping/docs/map-a-frame.md","Map a frame","Choose a source, set exposure and a tone curve, grade the result and set the output for your display.","Website › Tools › Colorimetry and rendering","900","2026-09-25"
"website","website/tools/colorimetry-and-rendering/tone-mapping/docs/read-the-scopes.md","Read the scopes","Use the histogram, waveform, vectorscope, false-colour map and A/B split to judge a mapped frame.","Website › Tools › Colorimetry and rendering","529","2026-09-25"
"website","website/tools/colorimetry-and-rendering/tone-mapping/docs/reference.md","Tone Mapping reference","Every control, readout, option and export in the Tone Mapping lab.","Website › Tools › Colorimetry and rendering","1506","2026-09-25"
"website","website/tools/colorimetry-and-rendering/tone-mapping/docs/troubleshooting.md","Troubleshooting Tone Mapping","Fixes for common problems in the Tone Mapping lab.","Website › Tools › Colorimetry and rendering","550","2026-09-25"
"website","website/tools/colorimetry-and-rendering/tone-mapping/docs/faq.md","Tone Mapping FAQ","Short answers to common questions about the Tone Mapping lab.","Website › Tools › Colorimetry and rendering","338","2026-09-25"
"website","website/tools/colorimetry-and-rendering/tone-mapping/others/README.md","Tone Mapping: supporting pages","Glossary, shortcuts, limits, related tools, release notes and privacy for the Tone Mapping lab.","Website › Tools › Colorimetry and rendering","79","2026-09-25"
"website","website/tools/colorimetry-and-rendering/tone-mapping/others/shortcuts.md","Tone Mapping shortcuts","Keyboard and mouse shortcuts in the Tone Mapping lab.","Website › Tools › Colorimetry and rendering","51","2026-09-25"
"website","website/tools/colorimetry-and-rendering/tone-mapping/others/glossary.md","Tone Mapping glossary","Plain-language definitions of the terms used in the Tone Mapping lab.","Website › Tools › Colorimetry and rendering","381","2026-09-25"
"website","website/tools/colorimetry-and-rendering/tone-mapping/others/limits-and-accuracy.md","Tone Mapping limits and accuracy","What the Tone Mapping lab implements exactly, what is its own, and what it does not do.","Website › Tools › Colorimetry and rendering","342","2026-09-25"
"website","website/tools/colorimetry-and-rendering/tone-mapping/others/privacy.md","Tone Mapping privacy","What the Tone Mapping lab does with your images and settings.","Website › Tools › Colorimetry and rendering","128","2026-09-25"
"website","website/tools/colorimetry-and-rendering/tone-mapping/others/release-notes.md","Tone Mapping release notes","User-facing changes to the Tone Mapping lab.","Website › Tools › Colorimetry and rendering","191","2026-09-25"
"website","website/tools/colorimetry-and-rendering/tone-mapping/others/related.md","Related to Tone Mapping","Tools and Learn articles that go well with the Tone Mapping lab.","Website › Tools › Colorimetry and rendering","130","2026-09-25"
"website","website/tools/perception-and-spectral/README.md","Perception and spectral tools","What the three perception and neuroscience tools and the two spectral tools on auricartisan.com are for, where to find them, and which one to open for each job.","Website › Tools › Perception and spectral","931","2026-09-25"
"website","website/tools/perception-and-spectral/industrial-dye-chemistry/README.md","Industrial Dye Chemistry (Dye in Solution)","What the Dye in Solution tool does, who it is for, where to find it and how to watch a first pH indicator change colour.","Website › Tools › Perception and spectral › Industrial Dye Chemistry","809","2026-09-25"
"website","website/tools/perception-and-spectral/industrial-dye-chemistry/docs/README.md","Using Dye in Solution","Contents of the how-to documentation for the Dye in Solution tool.","Website › Tools › Perception and spectral › Industrial Dye Chemistry","200","2026-09-25"
"website","website/tools/perception-and-spectral/industrial-dye-chemistry/docs/getting-started.md","Getting started with Dye in Solution","Open Dye in Solution, learn the layout of the Lab tab and read the default bath.","Website › Tools › Perception and spectral › Industrial Dye Chemistry","584","2026-09-25"
"website","website/tools/perception-and-spectral/industrial-dye-chemistry/docs/build-a-bath.md","Build a bath","Add, select, mute and remove dyes, set concentration and path length, and understand absorbance and the Beer–Lambert law.","Website › Tools › Perception and spectral › Industrial Dye Chemistry","943","2026-09-25"
"website","website/tools/perception-and-spectral/industrial-dye-chemistry/docs/compare-lights.md","Compare lights","Choose the illuminant, read the colour readouts, compare the bath under every light, and understand colour inconstancy, metamerism, dominant wavelength and purity.","Website › Tools › Perception and spectral › Industrial Dye Chemistry","924","2026-09-25"
"website","website/tools/perception-and-spectral/industrial-dye-chemistry/docs/export-and-share.md","Export and share","Download the 81-row spectrum CSV and the whole-bath JSON, and copy a link that rebuilds the bath.","Website › Tools › Perception and spectral › Industrial Dye Chemistry","591","2026-09-25"
"website","website/tools/perception-and-spectral/industrial-dye-chemistry/docs/run-a-titration.md","Run a titration","Change the pH, understand pKa, the base fraction and the two forms of a dye, animate a titration and find the isosbestic point.","Website › Tools › Perception and spectral › Industrial Dye Chemistry","791","2026-09-25"
"website","website/tools/perception-and-spectral/industrial-dye-chemistry/docs/run-a-tolerance-sweep.md","Run a tolerance sweep","Estimate how far a bath's colour moves when concentration, path length and molar absorptivity vary within stated tolerances.","Website › Tools › Perception and spectral › Industrial Dye Chemistry","476","2026-09-25"
"website","website/tools/perception-and-spectral/industrial-dye-chemistry/docs/use-a-measured-spectrum.md","Use a measured spectrum","Replace a drawn dye band with a measured UV–Vis molar absorptivity spectrum, and go back to the drawn bands.","Website › Tools › Perception and spectral › Industrial Dye Chemistry","491","2026-09-25"
"website","website/tools/perception-and-spectral/industrial-dye-chemistry/docs/reference.md","Dye in Solution reference","Every tab, control, readout, message and file format in Dye in Solution, with ranges and defaults.","Website › Tools › Perception and spectral › Industrial Dye Chemistry","1537","2026-09-25"
"website","website/tools/perception-and-spectral/industrial-dye-chemistry/docs/troubleshooting.md","Troubleshooting Dye in Solution","Symptoms, causes and fixes for Dye in Solution: flags, refused spectra, component limits, the plot and links.","Website › Tools › Perception and spectral › Industrial Dye Chemistry","696","2026-09-25"
"website","website/tools/perception-and-spectral/industrial-dye-chemistry/docs/faq.md","Dye in Solution FAQ","Short answers to common questions about Dye in Solution.","Website › Tools › Perception and spectral › Industrial Dye Chemistry","395","2026-09-25"
"website","website/tools/perception-and-spectral/industrial-dye-chemistry/others/README.md","Dye in Solution background","Contents of the background material for the Dye in Solution tool.","Website › Tools › Perception and spectral › Industrial Dye Chemistry","135","2026-09-25"
"website","website/tools/perception-and-spectral/industrial-dye-chemistry/others/shortcuts.md","Dye in Solution shortcuts","Keyboard and pointer actions in the Dye in Solution tool.","Website › Tools › Perception and spectral › Industrial Dye Chemistry","152","2026-09-25"
"website","website/tools/perception-and-spectral/industrial-dye-chemistry/others/glossary.md","Dye in Solution glossary","Chemistry and colour terms used in the Dye in Solution tool, each explained briefly.","Website › Tools › Perception and spectral › Industrial Dye Chemistry","512","2026-09-25"
"website","website/tools/perception-and-spectral/industrial-dye-chemistry/others/limits-and-accuracy.md","Limits and accuracy","What Dye in Solution takes from published sources, what is its own, how precise it is, what it does not hold, and what it cannot tell you about safety.","Website › Tools › Perception and spectral › Industrial Dye Chemistry","745","2026-09-25"
"website","website/tools/perception-and-spectral/industrial-dye-chemistry/others/privacy.md","Privacy","What Dye in Solution keeps in your browser and what uses the network.","Website › Tools › Perception and spectral › Industrial Dye Chemistry","160","2026-09-25"
"website","website/tools/perception-and-spectral/industrial-dye-chemistry/others/release-notes.md","Release notes","User-facing history of the Dye in Solution tool.","Website › Tools › Perception and spectral › Industrial Dye Chemistry","270","2026-09-25"
"website","website/tools/perception-and-spectral/industrial-dye-chemistry/others/related.md","Related tools and articles","Tools and Learn articles related to Dye in Solution.","Website › Tools › Perception and spectral › Industrial Dye Chemistry","165","2026-09-25"
"website","website/tools/perception-and-spectral/material-lighting/README.md","Material Lighting (Material Under Light)","What the Material Under Light tool does, who it is for, where to find it and how to render a first material under a chosen light.","Website › Tools › Perception and spectral › Material Lighting","768","2026-09-25"
"website","website/tools/perception-and-spectral/material-lighting/docs/README.md","Using Material Under Light","Contents of the how-to documentation for the Material Under Light tool.","Website › Tools › Perception and spectral › Material Lighting","183","2026-09-25"
"website","website/tools/perception-and-spectral/material-lighting/docs/getting-started.md","Getting started with Material Under Light","Open Material Under Light, learn the layout of the Lab tab and read the default gold-under-daylight scene.","Website › Tools › Perception and spectral › Material Lighting","629","2026-09-25"
"website","website/tools/perception-and-spectral/material-lighting/docs/compare-with-the-reference.md","Compare with the reference light","Read the measured colour temperature and its error band, understand how the reference light is chosen, and interpret the colour difference between a material under its source and under that reference.","Website › Tools › Perception and spectral › Material Lighting","733","2026-09-25"
"website","website/tools/perception-and-spectral/material-lighting/docs/export-and-share.md","Export and share","Download the 81-row spectrum CSV and the whole-scene JSON, and copy a link that rebuilds the scene.","Website › Tools › Perception and spectral › Material Lighting","615","2026-09-25"
"website","website/tools/perception-and-spectral/material-lighting/docs/run-a-sensitivity-sweep.md","Run a sensitivity sweep","Use the Metrics tab to see how far the colour moves when the reflectance curve is perturbed, and read why the CRI and TM-30 figures were withdrawn.","Website › Tools › Perception and spectral › Material Lighting","591","2026-09-25"
"website","website/tools/perception-and-spectral/material-lighting/docs/set-up-a-scene.md","Set up a scene","Choose the light, the material, the surface model and the viewing geometry, and understand what each does to the spectrum and the colour.","Website › Tools › Perception and spectral › Material Lighting","1117","2026-09-25"
"website","website/tools/perception-and-spectral/material-lighting/docs/use-a-measured-reflectance.md","Use a measured reflectance","Load a spectrophotometer reflectance file in place of the synthesised presets, and go back to the presets.","Website › Tools › Perception and spectral › Material Lighting","381","2026-09-25"
"website","website/tools/perception-and-spectral/material-lighting/docs/reference.md","Material Under Light reference","Every tab, control, readout, message and file format in Material Under Light, with ranges and defaults.","Website › Tools › Perception and spectral › Material Lighting","1307","2026-09-25"
"website","website/tools/perception-and-spectral/material-lighting/docs/troubleshooting.md","Troubleshooting Material Under Light","Symptoms, causes and fixes for Material Under Light: black samples, disabled controls, clipping, refused files and links.","Website › Tools › Perception and spectral › Material Lighting","612","2026-09-25"
"website","website/tools/perception-and-spectral/material-lighting/docs/faq.md","Material Under Light FAQ","Short answers to common questions about Material Under Light.","Website › Tools › Perception and spectral › Material Lighting","394","2026-09-25"
"website","website/tools/perception-and-spectral/material-lighting/others/README.md","Material Under Light background","Contents of the background material for the Material Under Light tool.","Website › Tools › Perception and spectral › Material Lighting","136","2026-09-25"
"website","website/tools/perception-and-spectral/material-lighting/others/shortcuts.md","Material Under Light shortcuts","Keyboard and pointer actions in the Material Under Light tool.","Website › Tools › Perception and spectral › Material Lighting","164","2026-09-25"
"website","website/tools/perception-and-spectral/material-lighting/others/glossary.md","Material Under Light glossary","Colour, light and reflectance terms used in the Material Under Light tool, each explained briefly.","Website › Tools › Perception and spectral › Material Lighting","539","2026-09-25"
"website","website/tools/perception-and-spectral/material-lighting/others/limits-and-accuracy.md","Limits and accuracy","What Material Under Light takes from published sources, what is its own, how precise it is, and what it is not.","Website › Tools › Perception and spectral › Material Lighting","590","2026-09-25"
"website","website/tools/perception-and-spectral/material-lighting/others/privacy.md","Privacy","What Material Under Light keeps in your browser and what uses the network.","Website › Tools › Perception and spectral › Material Lighting","153","2026-09-25"
"website","website/tools/perception-and-spectral/material-lighting/others/release-notes.md","Release notes","User-facing history of the Material Under Light tool.","Website › Tools › Perception and spectral › Material Lighting","242","2026-09-25"
"website","website/tools/perception-and-spectral/material-lighting/others/related.md","Related tools and articles","Tools and Learn articles related to Material Under Light.","Website › Tools › Perception and spectral › Material Lighting","189","2026-09-25"
"website","website/tools/perception-and-spectral/neuroscience/README.md","Neuroscience (Visual Pathway)","What the Visual Pathway tool does, who it is for, where to find it and how to follow a first grating from the cones to V4.","Website › Tools › Perception and spectral › Neuroscience","817","2026-09-25"
"website","website/tools/perception-and-spectral/neuroscience/docs/README.md","Using the Visual Pathway","Contents of the how-to documentation for the Visual Pathway tool.","Website › Tools › Perception and spectral › Neuroscience","178","2026-09-25"
"website","website/tools/perception-and-spectral/neuroscience/docs/getting-started.md","Getting started with the Visual Pathway","Open the Visual Pathway, learn the layout of the Lab tab and follow a first grating through all five stages.","Website › Tools › Perception and spectral › Neuroscience","808","2026-09-25"
"website","website/tools/perception-and-spectral/neuroscience/docs/cones-and-opponent-channels.md","Cones, opponent channels and the cone table","How the Visual Pathway turns a screen colour into cone signals and opponent channels, how to read the Pipeline tab and the cone figure, and how to install your own cone table.","Website › Tools › Perception and spectral › Neuroscience","1143","2026-09-25"
"website","website/tools/perception-and-spectral/neuroscience/docs/explore-the-stages.md","Explore the five stages","Set up the stimulus and viewing geometry, then read what the retina, LGN, V1, V2 and V4 stages do to it, map by map.","Website › Tools › Perception and spectral › Neuroscience","2125","2026-09-25"
"website","website/tools/perception-and-spectral/neuroscience/docs/export-and-share.md","Export and share","Run a list of colours through the Visual Pathway's front end, download it as CSV or copy it, save the active map as PNG, download the settings and copy a link to the view.","Website › Tools › Perception and spectral › Neuroscience","646","2026-09-25"
"website","website/tools/perception-and-spectral/neuroscience/docs/reference.md","Visual Pathway reference","Every tab, control, readout, message and file format in the Visual Pathway, with ranges and defaults.","Website › Tools › Perception and spectral › Neuroscience","1798","2026-09-25"
"website","website/tools/perception-and-spectral/neuroscience/docs/troubleshooting.md","Troubleshooting the Visual Pathway","Symptoms, causes and fixes for flat maps, warnings, refused cone tables, links and copying in the Visual Pathway.","Website › Tools › Perception and spectral › Neuroscience","806","2026-09-25"
"website","website/tools/perception-and-spectral/neuroscience/docs/faq.md","Visual Pathway FAQ","Short answers to common questions about the Visual Pathway.","Website › Tools › Perception and spectral › Neuroscience","472","2026-09-25"
"website","website/tools/perception-and-spectral/neuroscience/others/README.md","Visual Pathway background","Contents of the background material for the Visual Pathway tool.","Website › Tools › Perception and spectral › Neuroscience","138","2026-09-25"
"website","website/tools/perception-and-spectral/neuroscience/others/shortcuts.md","Visual Pathway shortcuts","Keyboard and pointer actions in the Visual Pathway tool.","Website › Tools › Perception and spectral › Neuroscience","138","2026-09-25"
"website","website/tools/perception-and-spectral/neuroscience/others/glossary.md","Visual Pathway glossary","Terms used in the Visual Pathway tool, each explained briefly.","Website › Tools › Perception and spectral › Neuroscience","635","2026-09-25"
"website","website/tools/perception-and-spectral/neuroscience/others/limits-and-accuracy.md","Limits and accuracy","What the Visual Pathway takes from published sources, what is its own, how precise its numbers are and what it is not.","Website › Tools › Perception and spectral › Neuroscience","582","2026-09-25"
"website","website/tools/perception-and-spectral/neuroscience/others/privacy.md","Privacy","What the Visual Pathway keeps in your browser and what, if anything, uses the network.","Website › Tools › Perception and spectral › Neuroscience","177","2026-09-25"
"website","website/tools/perception-and-spectral/neuroscience/others/release-notes.md","Release notes","User-facing history of the Visual Pathway tool.","Website › Tools › Perception and spectral › Neuroscience","320","2026-09-25"
"website","website/tools/perception-and-spectral/neuroscience/others/related.md","Related tools and articles","Tools and Learn articles related to the Visual Pathway.","Website › Tools › Perception and spectral › Neuroscience","178","2026-09-25"
"website","website/tools/perception-and-spectral/perception-and-vision/README.md","Perception and Vision","What the Perception Vision tool does, who it is for, where to find it and how to run a first colour vision simulation over your own image.","Website › Tools › Perception and spectral › Perception and Vision","737","2026-09-25"
"website","website/tools/perception-and-spectral/perception-and-vision/docs/README.md","Using Perception and Vision","Contents of the how-to documentation for the Perception Vision tool.","Website › Tools › Perception and spectral › Perception and Vision","161","2026-09-25"
"website","website/tools/perception-and-spectral/perception-and-vision/docs/getting-started.md","Getting started with Perception and Vision","Open Perception Vision, learn the layout of the Lab tab and run a first colour vision simulation over the test card and your own image.","Website › Tools › Perception and spectral › Perception and Vision","726","2026-09-25"
"website","website/tools/perception-and-spectral/perception-and-vision/docs/check-a-palette-and-export.md","Check a palette and export","Run a list of hex colours through the active simulation, find colours that become indistinguishable, and export CSV, clipboard text, the frame, the settings and links.","Website › Tools › Perception and spectral › Perception and Vision","842","2026-09-25"
"website","website/tools/perception-and-spectral/perception-and-vision/docs/read-the-checks.md","Read the checks","Understand the grey-ramp test, every readout under the frame, the renderer agreement check, and the Simulation and Modes tabs.","Website › Tools › Perception and spectral › Perception and Vision","1091","2026-09-25"
"website","website/tools/perception-and-spectral/perception-and-vision/docs/simulate-a-design.md","Simulate a design or image","Choose a source, run any of the eight simulations with its settings, relight the scene, apply adjustments and presets, and compare the result.","Website › Tools › Perception and spectral › Perception and Vision","1413","2026-09-25"
"website","website/tools/perception-and-spectral/perception-and-vision/docs/reference.md","Perception and Vision reference","Every tab, control, readout, message and file format in Perception Vision, with ranges and defaults.","Website › Tools › Perception and spectral › Perception and Vision","1381","2026-09-25"
"website","website/tools/perception-and-spectral/perception-and-vision/docs/troubleshooting.md","Troubleshooting Perception and Vision","Symptoms, causes and fixes for the camera, WebGL2, uploads, readouts that say n/a, links and copying in Perception Vision.","Website › Tools › Perception and spectral › Perception and Vision","612","2026-09-25"
"website","website/tools/perception-and-spectral/perception-and-vision/docs/faq.md","Perception and Vision FAQ","Short answers to common questions about Perception Vision.","Website › Tools › Perception and spectral › Perception and Vision","439","2026-09-25"
"website","website/tools/perception-and-spectral/perception-and-vision/others/README.md","Perception and Vision background","Contents of the background material for the Perception Vision tool.","Website › Tools › Perception and spectral › Perception and Vision","134","2026-09-25"
"website","website/tools/perception-and-spectral/perception-and-vision/others/shortcuts.md","Perception and Vision shortcuts","Keyboard and pointer actions in the Perception Vision tool.","Website › Tools › Perception and spectral › Perception and Vision","128","2026-09-25"
"website","website/tools/perception-and-spectral/perception-and-vision/others/glossary.md","Perception and Vision glossary","Terms used in the Perception Vision tool, each explained briefly.","Website › Tools › Perception and spectral › Perception and Vision","439","2026-09-25"
"website","website/tools/perception-and-spectral/perception-and-vision/others/limits-and-accuracy.md","Limits and accuracy","What Perception Vision takes from published sources, what is its own, how precise it is and what it is not.","Website › Tools › Perception and spectral › Perception and Vision","601","2026-09-25"
"website","website/tools/perception-and-spectral/perception-and-vision/others/privacy.md","Privacy","What Perception Vision keeps in your browser, how it treats images and the camera, and what uses the network.","Website › Tools › Perception and spectral › Perception and Vision","220","2026-09-25"
"website","website/tools/perception-and-spectral/perception-and-vision/others/release-notes.md","Release notes","User-facing history of the Perception Vision tool.","Website › Tools › Perception and spectral › Perception and Vision","247","2026-09-25"
"website","website/tools/perception-and-spectral/perception-and-vision/others/related.md","Related tools and articles","Tools and Learn articles related to Perception Vision.","Website › Tools › Perception and spectral › Perception and Vision","185","2026-09-25"
"website","website/tools/perception-and-spectral/psychophysical-experiment-engine/README.md","Psychophysical Experiment Engine","What the Psychophysics Bench does, who it is for, where to find it and how to measure a first contrast threshold.","Website › Tools › Perception and spectral › Psychophysical Experiment Engine","827","2026-09-25"
"website","website/tools/perception-and-spectral/psychophysical-experiment-engine/docs/README.md","Using the Psychophysics Bench","Contents of the how-to documentation for the Psychophysics Bench.","Website › Tools › Perception and spectral › Psychophysical Experiment Engine","173","2026-09-25"
"website","website/tools/perception-and-spectral/psychophysical-experiment-engine/docs/getting-started.md","Getting started with the Psychophysics Bench","Open the Psychophysics Bench, learn the Lab tab and measure a first contrast threshold with the default two-interval task.","Website › Tools › Perception and spectral › Psychophysical Experiment Engine","714","2026-09-25"
"website","website/tools/perception-and-spectral/psychophysical-experiment-engine/docs/design-an-experiment.md","Design an experiment","Choose a task, build the stimulus, state the viewing geometry, pick a staircase procedure and set its parameters and the timing.","Website › Tools › Perception and spectral › Psychophysical Experiment Engine","1565","2026-09-25"
"website","website/tools/perception-and-spectral/psychophysical-experiment-engine/docs/export-your-data.md","Export your data","The trials CSV, the session JSON and setup links on the Export tab, their exact contents, and what to do while the Export tab does not open.","Website › Tools › Perception and spectral › Psychophysical Experiment Engine","706","2026-09-25"
"website","website/tools/perception-and-spectral/psychophysical-experiment-engine/docs/read-the-results.md","Read the results","Understand the threshold readouts, the staircase trace and the explanation tabs of the Psychophysics Bench.","Website › Tools › Perception and spectral › Psychophysical Experiment Engine","1001","2026-09-25"
"website","website/tools/perception-and-spectral/psychophysical-experiment-engine/docs/run-a-session.md","Run a session","Practise, run a measured session, respond with keys or buttons, and understand when and how a run stops.","Website › Tools › Perception and spectral › Psychophysical Experiment Engine","617","2026-09-25"
"website","website/tools/perception-and-spectral/psychophysical-experiment-engine/docs/reference.md","Psychophysics Bench reference","Every tab, control, readout, message, file format and link parameter in the Psychophysics Bench, with ranges and defaults.","Website › Tools › Perception and spectral › Psychophysical Experiment Engine","1078","2026-09-25"
"website","website/tools/perception-and-spectral/psychophysical-experiment-engine/docs/troubleshooting.md","Troubleshooting the Psychophysics Bench","Symptoms, causes, fixes and workarounds for the Psychophysics Bench, including tabs that do not open.","Website › Tools › Perception and spectral › Psychophysical Experiment Engine","714","2026-09-25"
"website","website/tools/perception-and-spectral/psychophysical-experiment-engine/docs/faq.md","Psychophysics Bench FAQ","Short answers to common questions about the Psychophysics Bench.","Website › Tools › Perception and spectral › Psychophysical Experiment Engine","456","2026-09-25"
"website","website/tools/perception-and-spectral/psychophysical-experiment-engine/others/README.md","Psychophysics Bench background","Contents of the background material for the Psychophysics Bench.","Website › Tools › Perception and spectral › Psychophysical Experiment Engine","124","2026-09-25"
"website","website/tools/perception-and-spectral/psychophysical-experiment-engine/others/shortcuts.md","Psychophysics Bench shortcuts","Response keys and other keyboard and pointer actions in the Psychophysics Bench.","Website › Tools › Perception and spectral › Psychophysical Experiment Engine","178","2026-09-25"
"website","website/tools/perception-and-spectral/psychophysical-experiment-engine/others/glossary.md","Psychophysics Bench glossary","Psychophysics and display terms used in the Psychophysics Bench, each explained briefly.","Website › Tools › Perception and spectral › Psychophysical Experiment Engine","550","2026-09-25"
"website","website/tools/perception-and-spectral/psychophysical-experiment-engine/others/limits-and-accuracy.md","Limits and accuracy","What the Psychophysics Bench takes from published sources, what is its own, the limits of an uncalibrated screen, and what it does not show.","Website › Tools › Perception and spectral › Psychophysical Experiment Engine","602","2026-09-25"
"website","website/tools/perception-and-spectral/psychophysical-experiment-engine/others/privacy.md","Privacy","What the Psychophysics Bench keeps in your browser and what uses the network.","Website › Tools › Perception and spectral › Psychophysical Experiment Engine","156","2026-09-25"
"website","website/tools/perception-and-spectral/psychophysical-experiment-engine/others/release-notes.md","Release notes","User-facing history of the Psychophysics Bench.","Website › Tools › Perception and spectral › Psychophysical Experiment Engine","244","2026-09-25"
"website","website/tools/perception-and-spectral/psychophysical-experiment-engine/others/related.md","Related tools and articles","Tools and Learn articles related to the Psychophysics Bench.","Website › Tools › Perception and spectral › Psychophysical Experiment Engine","135","2026-09-25"
"website","website/tools/image-and-file-tools/README.md","Image and file tools","What the six image and file tools on auricartisan.com are for, where to find them, and which one to open for each job.","Website › Tools › Image and file tools","625","2026-09-25"
"website","website/tools/image-and-file-tools/collage-maker/README.md","Collage Maker","What the Collage Maker does, who it is for, where to find it and how to make a first collage.","Website › Tools › Image and file tools › Collage Maker","666","2026-09-25"
"website","website/tools/image-and-file-tools/collage-maker/docs/README.md","Collage Maker documentation","The list of how-to guides, the reference, troubleshooting and FAQ for the Collage Maker.","Website › Tools › Image and file tools › Collage Maker","204","2026-09-25"
"website","website/tools/image-and-file-tools/collage-maker/docs/getting-started.md","Getting started with the Collage Maker","Open the Collage Maker, find your way around its six tabs, and make and export a first collage.","Website › Tools › Image and file tools › Collage Maker","678","2026-09-25"
"website","website/tools/image-and-file-tools/collage-maker/docs/arrange-in-a-grid.md","Arrange pictures in a grid","Use the Layout tab to compare every grid arrangement for your pictures and apply the one you want.","Website › Tools › Image and file tools › Collage Maker","1024","2026-09-25"
"website","website/tools/image-and-file-tools/collage-maker/docs/build-a-collage.md","Build and edit a collage","Add pictures, set up the canvas, select and edit pictures, use the layers list, and undo or redo any step.","Website › Tools › Image and file tools › Collage Maker","1387","2026-09-25"
"website","website/tools/image-and-file-tools/collage-maker/docs/export-and-sessions.md","Export, copy and save sessions","Save your collage as PNG or JPEG at the size you need, copy it to the clipboard, and save or reload the layout as a session file.","Website › Tools › Image and file tools › Collage Maker","902","2026-09-25"
"website","website/tools/image-and-file-tools/collage-maker/docs/read-the-measurements.md","Read the measurements","What the canvas covered, overlapping, outside the canvas and history cards measure, and how to use the Measure and Data tabs.","Website › Tools › Image and file tools › Collage Maker","932","2026-09-25"
"website","website/tools/image-and-file-tools/collage-maker/docs/reference.md","Collage Maker reference","Every tab, control, button, readout, message and file format in the Collage Maker, with ranges and defaults.","Website › Tools › Image and file tools › Collage Maker","1951","2026-09-25"
"website","website/tools/image-and-file-tools/collage-maker/docs/troubleshooting.md","Troubleshooting the Collage Maker","Symptoms you may meet in the Collage Maker, why they happen, and what to do.","Website › Tools › Image and file tools › Collage Maker","940","2026-09-25"
"website","website/tools/image-and-file-tools/collage-maker/docs/faq.md","Collage Maker FAQ","Short answers to common questions about the Collage Maker.","Website › Tools › Image and file tools › Collage Maker","487","2026-09-25"
"website","website/tools/image-and-file-tools/collage-maker/others/README.md","Collage Maker background material","The contents of the Collage Maker's others folder: glossary, shortcuts, limits, related pages, release notes and privacy.","Website › Tools › Image and file tools › Collage Maker","127","2026-09-25"
"website","website/tools/image-and-file-tools/collage-maker/others/shortcuts.md","Collage Maker shortcuts","Keyboard shortcuts and pointer actions in the Collage Maker.","Website › Tools › Image and file tools › Collage Maker","285","2026-09-25"
"website","website/tools/image-and-file-tools/collage-maker/others/glossary.md","Collage Maker glossary","Definitions of the terms used in the Collage Maker.","Website › Tools › Image and file tools › Collage Maker","440","2026-09-25"
"website","website/tools/image-and-file-tools/collage-maker/others/limits-and-accuracy.md","Limits and accuracy","What the Collage Maker measures, how precisely, and what it does not know.","Website › Tools › Image and file tools › Collage Maker","610","2026-09-25"
"website","website/tools/image-and-file-tools/collage-maker/others/privacy.md","Privacy","What the Collage Maker does with your pictures, and what stays in your browser.","Website › Tools › Image and file tools › Collage Maker","224","2026-09-25"
"website","website/tools/image-and-file-tools/collage-maker/others/release-notes.md","Release notes","User-facing history of the Collage Maker.","Website › Tools › Image and file tools › Collage Maker","332","2026-09-25"
"website","website/tools/image-and-file-tools/collage-maker/others/related.md","Related tools and reading","Other Auric Artisan tools and Learn articles that work well with the Collage Maker.","Website › Tools › Image and file tools › Collage Maker","181","2026-09-25"
"website","website/tools/image-and-file-tools/icc-profile-parser/README.md","ICC Profile Parser","What the ICC Profile Parser does, who it is for, where to find it and how to read a first profile.","Website › Tools › Image and file tools › ICC Profile Parser","735","2026-09-25"
"website","website/tools/image-and-file-tools/icc-profile-parser/docs/README.md","ICC Profile Parser documentation","The list of guides, the reference, troubleshooting and FAQ for the ICC Profile Parser.","Website › Tools › Image and file tools › ICC Profile Parser","197","2026-09-25"
"website","website/tools/image-and-file-tools/icc-profile-parser/docs/getting-started.md","Getting started with the ICC Profile Parser","Open the ICC Profile Parser, find your way around its tabs, and read a first profile.","Website › Tools › Image and file tools › ICC Profile Parser","605","2026-09-25"
"website","website/tools/image-and-file-tools/icc-profile-parser/docs/check-conformance.md","Check conformance","Read the conformance verdict and findings, understand error, warning and note, and use the Conformance tab to see every rule and the clause it enforces.","Website › Tools › Image and file tools › ICC Profile Parser","1107","2026-09-25"
"website","website/tools/image-and-file-tools/icc-profile-parser/docs/export-a-reading.md","Export a reading","Save or copy the full JSON reading of a profile, save its tag table as CSV, and see what each export contains.","Website › Tools › Image and file tools › ICC Profile Parser","718","2026-09-25"
"website","website/tools/image-and-file-tools/icc-profile-parser/docs/identify-and-gamut.md","Identify a profile and read its gamut","Read the verdict and ranking, choose a reference space, and interpret the chromaticity diagram, gamut area, coverage and tone curves.","Website › Tools › Image and file tools › ICC Profile Parser","1525","2026-09-25"
"website","website/tools/image-and-file-tools/icc-profile-parser/docs/understand-icc-profiles.md","Understand ICC profiles","The concepts you need to read an ICC profile: classes, colour spaces, the connection space, tags, versions, intents, colorants, curves and tables.","Website › Tools › Image and file tools › ICC Profile Parser","1403","2026-09-25"
"website","website/tools/image-and-file-tools/icc-profile-parser/docs/reference.md","ICC Profile Parser reference","Every tab, control, header field, value table, tag type, readout, rule and export format in the ICC Profile Parser.","Website › Tools › Image and file tools › ICC Profile Parser","1898","2026-09-25"
"website","website/tools/image-and-file-tools/icc-profile-parser/docs/troubleshooting.md","Troubleshooting the ICC Profile Parser","Symptoms you may meet in the ICC Profile Parser, why they happen, and what to do.","Website › Tools › Image and file tools › ICC Profile Parser","897","2026-09-25"
"website","website/tools/image-and-file-tools/icc-profile-parser/docs/faq.md","ICC Profile Parser FAQ","Short answers to common questions about the ICC Profile Parser.","Website › Tools › Image and file tools › ICC Profile Parser","481","2026-09-25"
"website","website/tools/image-and-file-tools/icc-profile-parser/others/README.md","ICC Profile Parser background material","The contents of the ICC Profile Parser's others folder: glossary, limits, related pages, release notes and privacy.","Website › Tools › Image and file tools › ICC Profile Parser","128","2026-09-25"
"website","website/tools/image-and-file-tools/icc-profile-parser/others/glossary.md","ICC Profile Parser glossary","Definitions of the terms used in the ICC Profile Parser.","Website › Tools › Image and file tools › ICC Profile Parser","629","2026-09-25"
"website","website/tools/image-and-file-tools/icc-profile-parser/others/limits-and-accuracy.md","Limits and accuracy","What the ICC Profile Parser can and cannot read, how precise its figures are, and what it is not.","Website › Tools › Image and file tools › ICC Profile Parser","597","2026-09-25"
"website","website/tools/image-and-file-tools/icc-profile-parser/others/privacy.md","Privacy","What the ICC Profile Parser does with your profile files.","Website › Tools › Image and file tools › ICC Profile Parser","194","2026-09-25"
"website","website/tools/image-and-file-tools/icc-profile-parser/others/release-notes.md","Release notes","User-facing history of the ICC Profile Parser.","Website › Tools › Image and file tools › ICC Profile Parser","349","2026-09-25"
"website","website/tools/image-and-file-tools/icc-profile-parser/others/related.md","Related tools and reading","Other Auric Artisan tools and Learn articles that go with the ICC Profile Parser.","Website › Tools › Image and file tools › ICC Profile Parser","208","2026-09-25"
"website","website/tools/image-and-file-tools/image-picker/README.md","Image Picker","What the Image Picker does, who it is for, where to find it and how to take a first palette from a picture.","Website › Tools › Image and file tools › Image Picker","682","2026-09-25"
"website","website/tools/image-and-file-tools/image-picker/docs/README.md","Image Picker documentation","The list of guides, the reference, troubleshooting and FAQ for the Image Picker.","Website › Tools › Image and file tools › Image Picker","198","2026-09-25"
"website","website/tools/image-and-file-tools/image-picker/docs/getting-started.md","Getting started with the Image Picker","Open the Image Picker, find your way around its three tabs, and take a first palette from a picture.","Website › Tools › Image and file tools › Image Picker","515","2026-09-25"
"website","website/tools/image-and-file-tools/image-picker/docs/batch-analysis.md","Analyse a list of hex colours","Use batch colour analysis on the Actions tab to get RGB, HSL, CIELAB, LCH, luminance and tone band for a list of hex colours.","Website › Tools › Image and file tools › Image Picker","382","2026-09-25"
"website","website/tools/image-and-file-tools/image-picker/docs/chart-the-palette.md","Chart the palette","Read the four charts on the Analysis tab and open any of them full screen.","Website › Tools › Image and file tools › Image Picker","375","2026-09-25"
"website","website/tools/image-and-file-tools/image-picker/docs/export-and-share.md","Export and share","Copy the palette as hex, CSS custom properties or JSON, download it as SVG, JSON or CSV, and copy the page link.","Website › Tools › Image and file tools › Image Picker","570","2026-09-25"
"website","website/tools/image-and-file-tools/image-picker/docs/extract-a-palette.md","Extract a palette","Load a picture from a file or a web address, and use every extraction setting to get the palette you want.","Website › Tools › Image and file tools › Image Picker","891","2026-09-25"
"website","website/tools/image-and-file-tools/image-picker/docs/pick-exact-colours.md","Pick exact colours","Use the live eyedropper to read any pixel, pin exact colours, and copy them.","Website › Tools › Image and file tools › Image Picker","374","2026-09-25"
"website","website/tools/image-and-file-tools/image-picker/docs/read-contrast-and-harmony.md","Read contrast pairs, tone bands and harmony","What the swatches, tone bands, contrast pairs and harmony readouts tell you about a palette taken from a picture.","Website › Tools › Image and file tools › Image Picker","571","2026-09-25"
"website","website/tools/image-and-file-tools/image-picker/docs/reference.md","Image Picker reference","Every tab, control, readout, export format and keyboard key in the Image Picker, with ranges and starting values.","Website › Tools › Image and file tools › Image Picker","1047","2026-09-25"
"website","website/tools/image-and-file-tools/image-picker/docs/troubleshooting.md","Troubleshooting the Image Picker","Symptoms you may meet in the Image Picker, why they happen, and what to do.","Website › Tools › Image and file tools › Image Picker","803","2026-09-25"
"website","website/tools/image-and-file-tools/image-picker/docs/faq.md","Image Picker FAQ","Short answers to common questions about the Image Picker.","Website › Tools › Image and file tools › Image Picker","396","2026-09-25"
"website","website/tools/image-and-file-tools/image-picker/others/README.md","Image Picker background material","The contents of the Image Picker's others folder: glossary, shortcuts, limits, related pages, release notes and privacy.","Website › Tools › Image and file tools › Image Picker","126","2026-09-25"
"website","website/tools/image-and-file-tools/image-picker/others/shortcuts.md","Image Picker shortcuts","Keyboard shortcuts and pointer actions in the Image Picker.","Website › Tools › Image and file tools › Image Picker","186","2026-09-25"
"website","website/tools/image-and-file-tools/image-picker/others/glossary.md","Image Picker glossary","Definitions of the terms used in the Image Picker.","Website › Tools › Image and file tools › Image Picker","367","2026-09-25"
"website","website/tools/image-and-file-tools/image-picker/others/limits-and-accuracy.md","Limits and accuracy","How the Image Picker makes a palette, how precise its figures are, and what it is not.","Website › Tools › Image and file tools › Image Picker","470","2026-09-25"
"website","website/tools/image-and-file-tools/image-picker/others/privacy.md","Privacy","What the Image Picker does with your pictures, and when it uses the network.","Website › Tools › Image and file tools › Image Picker","262","2026-09-25"
"website","website/tools/image-and-file-tools/image-picker/others/release-notes.md","Release notes","User-facing history of the Image Picker.","Website › Tools › Image and file tools › Image Picker","146","2026-09-25"
"website","website/tools/image-and-file-tools/image-picker/others/related.md","Related tools and reading","Other Auric Artisan tools, the public API and Learn articles that go with the Image Picker.","Website › Tools › Image and file tools › Image Picker","249","2026-09-25"
"website","website/tools/image-and-file-tools/lut-lab/README.md","LUT Lab","What LUT Lab does, who it is for, where to find it and how to try a first look and write a .cube file.","Website › Tools › Image and file tools › LUT Lab","749","2026-09-25"
"website","website/tools/image-and-file-tools/lut-lab/docs/README.md","LUT Lab documentation","The list of guides, the concept page, the reference, troubleshooting and FAQ for LUT Lab.","Website › Tools › Image and file tools › LUT Lab","197","2026-09-25"
"website","website/tools/image-and-file-tools/lut-lab/docs/getting-started.md","Getting started with LUT Lab","Open LUT Lab, find your way around its six tabs, and try a first look.","Website › Tools › Image and file tools › LUT Lab","477","2026-09-25"
"website","website/tools/image-and-file-tools/lut-lab/docs/apply-a-look.md","Apply a look","Choose a test scene or your own picture, apply one of the six built-in looks, and set its strength and exposure.","Website › Tools › Image and file tools › LUT Lab","822","2026-09-25"
"website","website/tools/image-and-file-tools/lut-lab/docs/load-a-cube-file.md","Load a .cube file","Load a 1D or 3D .cube file, read what the tool reports about it, and switch between the file and the built-in looks.","Website › Tools › Image and file tools › LUT Lab","853","2026-09-25"
"website","website/tools/image-and-file-tools/lut-lab/docs/lut-concepts.md","LUT concepts","What a lookup table is, 1D and 3D LUTs, grid sizes, domains, sample order, interpolation, clipping and 8-bit precision.","Website › Tools › Image and file tools › LUT Lab","968","2026-09-25"
"website","website/tools/image-and-file-tools/lut-lab/docs/read-what-it-moved.md","Read what a transform moved","Interpret the clip overlay, the colour difference cards and the hue circle on the Lab tab.","Website › Tools › Image and file tools › LUT Lab","852","2026-09-25"
"website","website/tools/image-and-file-tools/lut-lab/docs/write-a-cube-file.md","Write a .cube file","Export the transform in force as a 3D or 1D .cube at any size, understand the header and round-trip accuracy, and save the hue sweep, report and share link.","Website › Tools › Image and file tools › LUT Lab","1029","2026-09-25"
"website","website/tools/image-and-file-tools/lut-lab/docs/reference.md","LUT Lab reference","Every tab, control, readout, .cube keyword, export format, link parameter and message in LUT Lab.","Website › Tools › Image and file tools › LUT Lab","1639","2026-09-25"
"website","website/tools/image-and-file-tools/lut-lab/docs/troubleshooting.md","Troubleshooting LUT Lab","Symptoms you may meet in LUT Lab, why they happen, and what to do.","Website › Tools › Image and file tools › LUT Lab","765","2026-09-25"
"website","website/tools/image-and-file-tools/lut-lab/docs/faq.md","LUT Lab FAQ","Short answers to common questions about LUT Lab.","Website › Tools › Image and file tools › LUT Lab","465","2026-09-25"
"website","website/tools/image-and-file-tools/lut-lab/others/README.md","LUT Lab background material","The contents of LUT Lab's others folder: glossary, limits, related pages, release notes and privacy.","Website › Tools › Image and file tools › LUT Lab","130","2026-09-25"
"website","website/tools/image-and-file-tools/lut-lab/others/glossary.md","LUT Lab glossary","Definitions of the terms used in LUT Lab.","Website › Tools › Image and file tools › LUT Lab","511","2026-09-25"
"website","website/tools/image-and-file-tools/lut-lab/others/limits-and-accuracy.md","Limits and accuracy","LUT Lab's 8-bit path, how its figures are measured, and what it does not hold.","Website › Tools › Image and file tools › LUT Lab","548","2026-09-25"
"website","website/tools/image-and-file-tools/lut-lab/others/privacy.md","Privacy","What LUT Lab does with your .cube files and pictures.","Website › Tools › Image and file tools › LUT Lab","227","2026-09-25"
"website","website/tools/image-and-file-tools/lut-lab/others/release-notes.md","Release notes","User-facing history of LUT Lab.","Website › Tools › Image and file tools › LUT Lab","327","2026-09-25"
"website","website/tools/image-and-file-tools/lut-lab/others/related.md","Related tools and reading","Other Auric Artisan tools and Learn articles that go with LUT Lab.","Website › Tools › Image and file tools › LUT Lab","183","2026-09-25"
"website","website/tools/image-and-file-tools/m-gradient-palette/README.md","M-Gradient Palette","What the M-Gradient Palette does, who it is for, where to find it and how to build a first ramp.","Website › Tools › Image and file tools › M-Gradient Palette","688","2026-09-25"
"website","website/tools/image-and-file-tools/m-gradient-palette/docs/README.md","M-Gradient Palette documentation","The list of guides, the concept page, the reference, troubleshooting and FAQ for the M-Gradient Palette.","Website › Tools › Image and file tools › M-Gradient Palette","192","2026-09-25"
"website","website/tools/image-and-file-tools/m-gradient-palette/docs/getting-started.md","Getting started with the M-Gradient Palette","Open the M-Gradient Palette, find your way around its six tabs, and build a first ramp.","Website › Tools › Image and file tools › M-Gradient Palette","429","2026-09-25"
"website","website/tools/image-and-file-tools/m-gradient-palette/docs/build-a-ramp.md","Build a ramp","Set the two ends, use a preset, choose a route, steps and easing, and read everything on the Ramp tab.","Website › Tools › Image and file tools › M-Gradient Palette","880","2026-09-25"
"website","website/tools/image-and-file-tools/m-gradient-palette/docs/check-contrast-and-colour-vision.md","Check contrast and colour vision","Check every step of a ramp as a background for a text colour with WCAG 2.2 and APCA, and view the ramp as seen with three colour-vision deficiencies.","Website › Tools › Image and file tools › M-Gradient Palette","822","2026-09-25"
"website","website/tools/image-and-file-tools/m-gradient-palette/docs/compare-routes.md","Compare routes and easings","Use the Spaces tab to build all thirty route and easing combinations for your two colours and find the evenest.","Website › Tools › Image and file tools › M-Gradient Palette","503","2026-09-25"
"website","website/tools/image-and-file-tools/m-gradient-palette/docs/export-a-ramp.md","Export a ramp","Copy the ramp as a CSS gradient, custom properties, a hex list or SVG, save an SVG, and save the JSON reading.","Website › Tools › Image and file tools › M-Gradient Palette","667","2026-09-25"
"website","website/tools/image-and-file-tools/m-gradient-palette/docs/interpolation-and-gamut.md","Interpolation and gamut","How the four colour spaces blend two colours differently, what short and long hue routes and easing do, how evenness is measured, and how out-of-gamut steps are brought back.","Website › Tools › Image and file tools › M-Gradient Palette","1024","2026-09-25"
"website","website/tools/image-and-file-tools/m-gradient-palette/docs/reference.md","M-Gradient Palette reference","Every tab, control, preset, readout, export format and message in the M-Gradient Palette.","Website › Tools › Image and file tools › M-Gradient Palette","1330","2026-09-25"
"website","website/tools/image-and-file-tools/m-gradient-palette/docs/troubleshooting.md","Troubleshooting the M-Gradient Palette","Symptoms you may meet in the M-Gradient Palette, why they happen, and what to do.","Website › Tools › Image and file tools › M-Gradient Palette","570","2026-09-25"
"website","website/tools/image-and-file-tools/m-gradient-palette/docs/faq.md","M-Gradient Palette FAQ","Short answers to common questions about the M-Gradient Palette.","Website › Tools › Image and file tools › M-Gradient Palette","370","2026-09-25"
"website","website/tools/image-and-file-tools/m-gradient-palette/others/README.md","M-Gradient Palette background material","The contents of the M-Gradient Palette's others folder: glossary, limits, related pages, release notes and privacy.","Website › Tools › Image and file tools › M-Gradient Palette","127","2026-09-25"
"website","website/tools/image-and-file-tools/m-gradient-palette/others/glossary.md","M-Gradient Palette glossary","Definitions of the terms used in the M-Gradient Palette.","Website › Tools › Image and file tools › M-Gradient Palette","461","2026-09-25"
"website","website/tools/image-and-file-tools/m-gradient-palette/others/limits-and-accuracy.md","Limits and accuracy","What the M-Gradient Palette measures, how precisely, the choices it makes, and what it does not hold.","Website › Tools › Image and file tools › M-Gradient Palette","444","2026-09-25"
"website","website/tools/image-and-file-tools/m-gradient-palette/others/privacy.md","Privacy","What the M-Gradient Palette does with your colours and settings.","Website › Tools › Image and file tools › M-Gradient Palette","149","2026-09-25"
"website","website/tools/image-and-file-tools/m-gradient-palette/others/release-notes.md","Release notes","User-facing history of the M-Gradient Palette.","Website › Tools › Image and file tools › M-Gradient Palette","289","2026-09-25"
"website","website/tools/image-and-file-tools/m-gradient-palette/others/related.md","Related tools and reading","Other Auric Artisan tools and Learn articles that go with the M-Gradient Palette.","Website › Tools › Image and file tools › M-Gradient Palette","211","2026-09-25"
"website","website/tools/image-and-file-tools/svg-recolour/README.md","SVG Recolour","What SVG Recolour does, who it is for, where to find it and how to recolour a first SVG.","Website › Tools › Image and file tools › SVG Recolour","719","2026-09-25"
"website","website/tools/image-and-file-tools/svg-recolour/docs/README.md","SVG Recolour documentation","The list of guides, the reference, troubleshooting and FAQ for SVG Recolour.","Website › Tools › Image and file tools › SVG Recolour","173","2026-09-25"
"website","website/tools/image-and-file-tools/svg-recolour/docs/getting-started.md","Getting started with SVG Recolour","Open SVG Recolour, find your way around its six tabs, and recolour a first SVG.","Website › Tools › Image and file tools › SVG Recolour","488","2026-09-25"
"website","website/tools/image-and-file-tools/svg-recolour/docs/check-contrast-and-colour-vision.md","Check contrast and colour vision","Measure every colour in the SVG as a background for text with WCAG 2.2 and APCA, find the colours hardest to tell apart, and preview the artwork as seen with colour-vision deficiencies.","Website › Tools › Image and file tools › SVG Recolour","679","2026-09-25"
"website","website/tools/image-and-file-tools/svg-recolour/docs/export-the-result.md","Export the result","Save or copy the recoloured SVG, copy the new palette as CSS custom properties, and save a JSON report of every change.","Website › Tools › Image and file tools › SVG Recolour","545","2026-09-25"
"website","website/tools/image-and-file-tools/svg-recolour/docs/recolour-an-svg.md","Recolour an SVG","Load an SVG, understand what colours the tool finds and where, remap and swap colours, choose how they are written, and read the Mapping tab.","Website › Tools › Image and file tools › SVG Recolour","1232","2026-09-25"
"website","website/tools/image-and-file-tools/svg-recolour/docs/use-a-harmony.md","Recolour from a harmony","Recolour every colour in an SVG at once from a colour harmony built on the file's main colour, and put the colours back.","Website › Tools › Image and file tools › SVG Recolour","470","2026-09-25"
"website","website/tools/image-and-file-tools/svg-recolour/docs/reference.md","SVG Recolour reference","Every tab, control, paint property, colour form, readout, export format and message in SVG Recolour.","Website › Tools › Image and file tools › SVG Recolour","1470","2026-09-25"
"website","website/tools/image-and-file-tools/svg-recolour/docs/troubleshooting.md","Troubleshooting SVG Recolour","Symptoms you may meet in SVG Recolour, why they happen, and what to do.","Website › Tools › Image and file tools › SVG Recolour","706","2026-09-25"
"website","website/tools/image-and-file-tools/svg-recolour/docs/faq.md","SVG Recolour FAQ","Short answers to common questions about SVG Recolour.","Website › Tools › Image and file tools › SVG Recolour","345","2026-09-25"
"website","website/tools/image-and-file-tools/svg-recolour/others/README.md","SVG Recolour background material","The contents of SVG Recolour's others folder: glossary, limits, related pages, release notes and privacy.","Website › Tools › Image and file tools › SVG Recolour","133","2026-09-25"
"website","website/tools/image-and-file-tools/svg-recolour/others/glossary.md","SVG Recolour glossary","Definitions of the terms used in SVG Recolour.","Website › Tools › Image and file tools › SVG Recolour","379","2026-09-25"
"website","website/tools/image-and-file-tools/svg-recolour/others/limits-and-accuracy.md","Limits and accuracy","What SVG Recolour finds and writes, how precise its figures are, and what it does not hold.","Website › Tools › Image and file tools › SVG Recolour","455","2026-09-25"
"website","website/tools/image-and-file-tools/svg-recolour/others/privacy.md","Privacy","What SVG Recolour does with your SVG files, and how it handles active content.","Website › Tools › Image and file tools › SVG Recolour","263","2026-09-25"
"website","website/tools/image-and-file-tools/svg-recolour/others/release-notes.md","Release notes","User-facing history of SVG Recolour.","Website › Tools › Image and file tools › SVG Recolour","301","2026-09-25"
"website","website/tools/image-and-file-tools/svg-recolour/others/related.md","Related tools and reading","Other Auric Artisan tools and Learn articles that go with SVG Recolour.","Website › Tools › Image and file tools › SVG Recolour","179","2026-09-25"
"website","website/kits/README.md","Kits","What the Auric Artisan kits are, how to open them from the page utilities bar, and the controls every kit panel shares.","Website › Kits","1166","2026-09-25"
"website","website/kits/docs/README.md","Guides for all kits","Contents of the shared kit guides, which cover the launcher bar and the panel controls every kit uses.","Website › Kits","159","2026-09-25"
"website","website/kits/docs/getting-started.md","Getting started with kits","Open your first kit from the page utilities bar, learn the parts of a kit panel, and close it again.","Website › Kits","658","2026-09-25"
"website","website/kits/docs/panel-controls.md","Panel controls","Every title-bar control shared by the kit panels, what each one remembers, and where the kits differ.","Website › Kits","1577","2026-09-25"
"website","website/kits/docs/the-kit-dock.md","The page utilities bar","How the launcher bar in the bottom-left corner opens every kit, how it looks on a phone, and how it closes.","Website › Kits","810","2026-09-25"
"website","website/kits/docs/troubleshooting.md","Troubleshooting kits","Fixes for problems that affect every kit, such as a missing launcher, a kit that keeps reopening, or a panel stuck in the wrong place.","Website › Kits","935","2026-09-25"
"website","website/kits/docs/faq.md","Kits FAQ","Short answers to common questions about the floating kits on auricartisan.com.","Website › Kits","526","2026-09-25"
"website","website/kits/advanced-kit/README.md","Advanced Kit","Choose which of the site's tools you see, site-wide: Basic, Advanced, Everything, or a Custom set you tick yourself.","Website › Kits › Advanced Kit","521","2026-09-25"
"website","website/kits/advanced-kit/docs/README.md","Advanced Kit guides","Contents of the Advanced Kit guides: getting started, the four modes, custom tool sets and what each mode changes.","Website › Kits › Advanced Kit","135","2026-09-25"
"website","website/kits/advanced-kit/docs/getting-started.md","Getting started with the Advanced Kit","Open the Advanced Kit, learn the parts of its screen, and change the site's tool visibility mode.","Website › Kits › Advanced Kit","293","2026-09-25"
"website","website/kits/advanced-kit/docs/build-a-custom-tool-set.md","Build a custom tool set","Use Custom mode in the Advanced Kit to tick exactly the tools you want the site to list.","Website › Kits › Advanced Kit","511","2026-09-25"
"website","website/kits/advanced-kit/docs/choose-a-mode.md","Choose a mode","What the Basic, Advanced, Everything and Custom tool visibility modes mean, and how to switch between them.","Website › Kits › Advanced Kit","614","2026-09-25"
"website","website/kits/advanced-kit/docs/what-each-mode-changes.md","What each mode changes","Every part of auricartisan.com that follows the tool visibility mode, from the Menu Kit and collections to page wording and the Feature Kit calculator.","Website › Kits › Advanced Kit","751","2026-09-25"
"website","website/kits/advanced-kit/docs/reference.md","Advanced Kit reference","Every control, card, button and message in the Advanced Kit.","Website › Kits › Advanced Kit","684","2026-09-25"
"website","website/kits/advanced-kit/docs/troubleshooting.md","Advanced Kit troubleshooting","Fixes for Advanced Kit problems, such as a mode that changes by itself or a tool that will not reappear.","Website › Kits › Advanced Kit","391","2026-09-25"
"website","website/kits/advanced-kit/docs/faq.md","Advanced Kit FAQ","Short answers to common questions about the Advanced Kit and the tool visibility modes.","Website › Kits › Advanced Kit","255","2026-09-25"
"website","website/kits/advanced-kit/others/README.md","Advanced Kit reference material","Contents of the Advanced Kit reference pages: glossary, shortcuts, limits, related pages, release notes and privacy.","Website › Kits › Advanced Kit","108","2026-09-25"
"website","website/kits/advanced-kit/others/shortcuts.md","Advanced Kit shortcuts","Keyboard shortcuts for the Advanced Kit.","Website › Kits › Advanced Kit","108","2026-09-25"
"website","website/kits/advanced-kit/others/glossary.md","Advanced Kit glossary","Terms used in the Advanced Kit guides.","Website › Kits › Advanced Kit","226","2026-09-25"
"website","website/kits/advanced-kit/others/limits-and-accuracy.md","Advanced Kit limits","What the tool visibility modes affect, what they do not, and how tools are classified.","Website › Kits › Advanced Kit","255","2026-09-25"
"website","website/kits/advanced-kit/others/privacy.md","Advanced Kit privacy","What the Advanced Kit keeps in your browser and what it downloads.","Website › Kits › Advanced Kit","122","2026-09-25"
"website","website/kits/advanced-kit/others/release-notes.md","Advanced Kit release notes","What the public changelog records about the Advanced Kit and the tool visibility modes.","Website › Kits › Advanced Kit","165","2026-09-25"
"website","website/kits/advanced-kit/others/related.md","Related to the Advanced Kit","Kits, tools and pages related to the Advanced Kit.","Website › Kits › Advanced Kit","104","2026-09-25"
"website","website/kits/feature-kit/README.md","Feature Kit","A floating toolbox with a scientific calculator, graphing, a unit converter, notes, date and time tools, developer utilities and a feedback form.","Website › Kits › Feature Kit","718","2026-09-25"
"website","website/kits/feature-kit/docs/README.md","Feature Kit guides","Contents of the Feature Kit guides, one per tool, plus the full reference, troubleshooting and FAQ.","Website › Kits › Feature Kit","228","2026-09-25"
"website","website/kits/feature-kit/docs/getting-started.md","Getting started with the Feature Kit","Open the Feature Kit, tour its menu and title bar, and run your first calculation.","Website › Kits › Feature Kit","615","2026-09-25"
"website","website/kits/feature-kit/docs/calculator-functions.md","Calculator functions","The complete expression language of the Feature Kit calculator: operators, numbers, functions, constants, variables, your own functions, calculus, statistics and programmer features.","Website › Kits › Feature Kit","2197","2026-09-25"
"website","website/kits/feature-kit/docs/calculator.md","Use the calculator","Use the Feature Kit's Scientific Calculator: keypads, the expression bar, angle mode, memory, copying results and history.","Website › Kits › Feature Kit","1314","2026-09-25"
"website","website/kits/feature-kit/docs/date-and-time.md","Work with dates and times","Use the Feature Kit's Date & Time tool to read a date in many formats, count days between dates, add or subtract time, and watch world clocks.","Website › Kits › Feature Kit","774","2026-09-25"
"website","website/kits/feature-kit/docs/developer-tools.md","Use the developer tools","Use the eleven developer utilities in the Feature Kit: JSON, Base64, URL, Hash, UUID, JWT, Epoch, Regex, Cron, Text and HTML.","Website › Kits › Feature Kit","1622","2026-09-25"
"website","website/kits/feature-kit/docs/feedback.md","Send feedback","Send quick or detailed feedback about Auric Artisan from the Feature Kit, and what happens when sending fails.","Website › Kits › Feature Kit","898","2026-09-25"
"website","website/kits/feature-kit/docs/graphing.md","Plot a function","Plot a function in the Feature Kit calculator, then pan, zoom and reset the view.","Website › Kits › Feature Kit","478","2026-09-25"
"website","website/kits/feature-kit/docs/notes.md","Keep notes","Keep Markdown notes in the Feature Kit that save as you type, preview them, copy them and export them as .md files.","Website › Kits › Feature Kit","583","2026-09-25"
"website","website/kits/feature-kit/docs/unit-converter.md","Convert units","Convert values between 1,344 units in 70 categories with the Feature Kit's Unit Converter.","Website › Kits › Feature Kit","742","2026-09-25"
"website","website/kits/feature-kit/docs/reference.md","Feature Kit reference","Every control, tab, field, option and message in the Feature Kit, with what it does and its default.","Website › Kits › Feature Kit","1957","2026-09-25"
"website","website/kits/feature-kit/docs/troubleshooting.md","Feature Kit troubleshooting","Fixes for Feature Kit problems, and what every calculator error message means.","Website › Kits › Feature Kit","1281","2026-09-25"
"website","website/kits/feature-kit/docs/faq.md","Feature Kit FAQ","Short answers to common questions about the Feature Kit's calculator, converter, notes, date tools, developer tools and feedback.","Website › Kits › Feature Kit","496","2026-09-25"
"website","website/kits/feature-kit/others/README.md","Feature Kit reference material","Contents of the Feature Kit reference pages: glossary, shortcuts, limits, related pages, release notes and privacy.","Website › Kits › Feature Kit","115","2026-09-25"
"website","website/kits/feature-kit/others/shortcuts.md","Feature Kit shortcuts","Every keyboard shortcut the Feature Kit responds to, from opening the kit to typing on the calculator keypad.","Website › Kits › Feature Kit","468","2026-09-25"
"website","website/kits/feature-kit/others/glossary.md","Feature Kit glossary","Terms used in the Feature Kit guides, from ans and derivative to UUID and cron.","Website › Kits › Feature Kit","722","2026-09-25"
"website","website/kits/feature-kit/others/limits-and-accuracy.md","Limits and accuracy","How precise the Feature Kit's calculator, graph, converter and date tools are, the ranges they handle, and where they approximate.","Website › Kits › Feature Kit","837","2026-09-25"
"website","website/kits/feature-kit/others/privacy.md","Feature Kit privacy","What the Feature Kit keeps in your browser, what it sends, and how to remove it.","Website › Kits › Feature Kit","395","2026-09-25"
"website","website/kits/feature-kit/others/release-notes.md","Feature Kit release notes","What the public changelog records about the Feature Kit, and what the kit contains as of September 2026.","Website › Kits › Feature Kit","274","2026-09-25"
"website","website/kits/feature-kit/others/related.md","Related to the Feature Kit","Kits, tools and pages related to the Feature Kit.","Website › Kits › Feature Kit","143","2026-09-25"
"website","website/kits/library-kit/README.md","Library Kit","The Universal Library as a floating panel: browse, search, restore, organise, compare, share, export and sync everything you save from the site's tools.","Website › Kits › Library Kit","801","2026-09-25"
"website","website/kits/library-kit/docs/README.md","Library Kit guides","Contents of the Library Kit guides, from browsing and organising to comparing, sharing, syncing and reports.","Website › Kits › Library Kit","181","2026-09-25"
"website","website/kits/library-kit/docs/getting-started.md","Getting started with the Library Kit","Save your first item from a tool, open the Library Kit, and learn the parts of its screen.","Website › Kits › Library Kit","657","2026-09-25"
"website","website/kits/library-kit/docs/browse-and-find.md","Browse and find items","Find saved items in the Library Kit with tabs, search, sorting, grouping, grid or list view, density and filters.","Website › Kits › Library Kit","717","2026-09-25"
"website","website/kits/library-kit/docs/commands-and-right-click-menus.md","Commands and right-click menus","Run any Library Kit action from the > command palette or from the right-click menus for items and for the panel.","Website › Kits › Library Kit","866","2026-09-25"
"website","website/kits/library-kit/docs/compare-items.md","Compare two items","Compare two saved items in the Library Kit: palettes by colour difference and contrast, images side by side or as a heatmap, settings field by field, and audits by score.","Website › Kits › Library Kit","889","2026-09-25"
"website","website/kits/library-kit/docs/organise-your-library.md","Organise your library","Favourite, rename, describe, tag, duplicate, collect, archive and delete saved items, one at a time or in bulk.","Website › Kits › Library Kit","828","2026-09-25"
"website","website/kits/library-kit/docs/restore-and-reuse.md","Restore and reuse items","Reopen saved items in the tool that made them, open them in other tools, edit their details and download them in many formats.","Website › Kits › Library Kit","586","2026-09-25"
"website","website/kits/library-kit/docs/settings-sync-and-reports.md","Settings, sync and reports","Every option on the Library Kit's Settings tab: preferences, reporting, sync destinations, report generation and storage.","Website › Kits › Library Kit","1196","2026-09-25"
"website","website/kits/library-kit/docs/share-export-and-import.md","Share, export and import","Share a saved item as a link, download items as files, back up the whole library and import it again.","Website › Kits › Library Kit","638","2026-09-25"
"website","website/kits/library-kit/docs/reference.md","Library Kit reference","Every control, tab, option, dialog and message in the Library Kit.","Website › Kits › Library Kit","1127","2026-09-25"
"website","website/kits/library-kit/docs/troubleshooting.md","Library Kit troubleshooting","Fixes for Library Kit problems, from missing items and full storage to share links that are too large and sync failures.","Website › Kits › Library Kit","752","2026-09-25"
"website","website/kits/library-kit/docs/faq.md","Library Kit FAQ","Short answers to common questions about the Library Kit and your saved work.","Website › Kits › Library Kit","368","2026-09-25"
"website","website/kits/library-kit/others/README.md","Library Kit reference material","Contents of the Library Kit reference pages: glossary, shortcuts, limits, related pages, release notes and privacy.","Website › Kits › Library Kit","109","2026-09-25"
"website","website/kits/library-kit/others/shortcuts.md","Library Kit shortcuts","Every keyboard shortcut the Library Kit responds to.","Website › Kits › Library Kit","362","2026-09-25"
"website","website/kits/library-kit/others/glossary.md","Library Kit glossary","Terms used in the Library Kit guides.","Website › Kits › Library Kit","368","2026-09-25"
"website","website/kits/library-kit/others/limits-and-accuracy.md","Library Kit limits","Storage, plan, sharing, sync, report and comparison limits of the Library Kit.","Website › Kits › Library Kit","381","2026-09-25"
"website","website/kits/library-kit/others/privacy.md","Library Kit privacy","Where the Library Kit keeps your saved work, and the only ways it can leave your device.","Website › Kits › Library Kit","291","2026-09-25"
"website","website/kits/library-kit/others/release-notes.md","Library Kit release notes","What the public changelog records about the library, and what the Library Kit contains as of September 2026.","Website › Kits › Library Kit","222","2026-09-25"
"website","website/kits/library-kit/others/related.md","Related to the Library Kit","Tools, kits and pages related to the Library Kit.","Website › Kits › Library Kit","125","2026-09-25"
"website","website/kits/menu-kit/README.md","Menu Kit","A floating start menu for auricartisan.com with tabbed page groups, recommended and most-used tools, fuzzy search and quick actions.","Website › Kits › Menu Kit","543","2026-09-25"
"website","website/kits/menu-kit/docs/README.md","Menu Kit guides","Contents of the Menu Kit guides: getting started, browsing, searching, reference, troubleshooting and FAQ.","Website › Kits › Menu Kit","115","2026-09-25"
"website","website/kits/menu-kit/docs/getting-started.md","Getting started with the Menu Kit","Open the Menu Kit, learn the parts of its screen, and open your first page from it.","Website › Kits › Menu Kit","402","2026-09-25"
"website","website/kits/menu-kit/docs/find-a-page.md","Find a page by browsing","Browse the Menu Kit's tabs and sections, use Recommended and Most Used, and collapse sections you do not need.","Website › Kits › Menu Kit","648","2026-09-25"
"website","website/kits/menu-kit/docs/search-and-quick-actions.md","Search and quick actions","Search every page in the Menu Kit with forgiving matching, and run quick actions such as copying the page URL.","Website › Kits › Menu Kit","631","2026-09-25"
"website","website/kits/menu-kit/docs/reference.md","Menu Kit reference","Every control, tab, section, state and message in the Menu Kit.","Website › Kits › Menu Kit","1010","2026-09-25"
"website","website/kits/menu-kit/docs/troubleshooting.md","Menu Kit troubleshooting","Fixes for Menu Kit problems, such as a missing tab, a tool that does not appear, or a shortcut that does nothing.","Website › Kits › Menu Kit","442","2026-09-25"
"website","website/kits/menu-kit/docs/faq.md","Menu Kit FAQ","Short answers to common questions about the Menu Kit.","Website › Kits › Menu Kit","266","2026-09-25"
"website","website/kits/menu-kit/others/README.md","Menu Kit reference material","Contents of the Menu Kit reference pages: glossary, shortcuts, limits, related pages, release notes and privacy.","Website › Kits › Menu Kit","113","2026-09-25"
"website","website/kits/menu-kit/others/shortcuts.md","Menu Kit shortcuts","Every keyboard shortcut the Menu Kit responds to.","Website › Kits › Menu Kit","232","2026-09-25"
"website","website/kits/menu-kit/others/glossary.md","Menu Kit glossary","Terms used in the Menu Kit guides.","Website › Kits › Menu Kit","207","2026-09-25"
"website","website/kits/menu-kit/others/limits-and-accuracy.md","Menu Kit limits","What the Menu Kit includes, how its search matches and ranks, and what it does not do.","Website › Kits › Menu Kit","221","2026-09-25"
"website","website/kits/menu-kit/others/privacy.md","Menu Kit privacy","What the Menu Kit keeps in your browser and what it downloads.","Website › Kits › Menu Kit","161","2026-09-25"
"website","website/kits/menu-kit/others/release-notes.md","Menu Kit release notes","What the public changelog records about the Menu Kit, and what the kit contains as of September 2026.","Website › Kits › Menu Kit","200","2026-09-25"
"website","website/kits/menu-kit/others/related.md","Related to the Menu Kit","Kits, site features and pages related to the Menu Kit.","Website › Kits › Menu Kit","93","2026-09-25"
"website","website/kits/status-kit/README.md","Status Kit","See how finished the page you are on is, scan a whole section of the site for page statuses, and watch live device, network and performance readings.","Website › Kits › Status Kit","504","2026-09-25"
"website","website/kits/status-kit/docs/README.md","Status Kit guides","Contents of the Status Kit guides: page status, section scans, system status, reference, troubleshooting and FAQ.","Website › Kits › Status Kit","129","2026-09-25"
"website","website/kits/status-kit/docs/getting-started.md","Getting started with the Status Kit","Open the Status Kit and learn its three parts: the This page card, System status and the page scanner.","Website › Kits › Status Kit","352","2026-09-25"
"website","website/kits/status-kit/docs/check-page-status.md","Check a page's status","Read the status of the page you are on in the Status Kit, and what each status label means.","Website › Kits › Status Kit","452","2026-09-25"
"website","website/kits/status-kit/docs/scan-a-section.md","Scan a section of the site","List every page under a path with its status, then summarise, filter, search and repeat the scan.","Website › Kits › Status Kit","644","2026-09-25"
"website","website/kits/status-kit/docs/system-status.md","System status","Every live reading in the Status Kit's System status panel, what it means and when it shows a dash.","Website › Kits › Status Kit","706","2026-09-25"
"website","website/kits/status-kit/docs/reference.md","Status Kit reference","Every control, reading, filter and message in the Status Kit.","Website › Kits › Status Kit","772","2026-09-25"
"website","website/kits/status-kit/docs/troubleshooting.md","Status Kit troubleshooting","Fixes for Status Kit problems, such as empty readings, slow scans or a kit that closes on its own.","Website › Kits › Status Kit","409","2026-09-25"
"website","website/kits/status-kit/docs/faq.md","Status Kit FAQ","Short answers to common questions about the Status Kit.","Website › Kits › Status Kit","177","2026-09-25"
"website","website/kits/status-kit/others/README.md","Status Kit reference material","Contents of the Status Kit reference pages: glossary, shortcuts, limits, related pages, release notes and privacy.","Website › Kits › Status Kit","109","2026-09-25"
"website","website/kits/status-kit/others/shortcuts.md","Status Kit shortcuts","Keys the Status Kit responds to.","Website › Kits › Status Kit","167","2026-09-25"
"website","website/kits/status-kit/others/glossary.md","Status Kit glossary","Terms used in the Status Kit guides.","Website › Kits › Status Kit","271","2026-09-25"
"website","website/kits/status-kit/others/limits-and-accuracy.md","Status Kit limits","What the Status Kit's page statuses and system readings can and cannot tell you.","Website › Kits › Status Kit","303","2026-09-25"
"website","website/kits/status-kit/others/privacy.md","Status Kit privacy","What the Status Kit reads from your browser, what it keeps, and what it fetches.","Website › Kits › Status Kit","206","2026-09-25"
"website","website/kits/status-kit/others/release-notes.md","Status Kit release notes","What the public changelog records about the Status Kit, and what the kit contains as of September 2026.","Website › Kits › Status Kit","187","2026-09-25"
"website","website/kits/status-kit/others/related.md","Related to the Status Kit","Kits, tools and pages related to the Status Kit.","Website › Kits › Status Kit","107","2026-09-25"
"website","website/kits/update-kit/README.md","Update Kit","How auricartisan.com tells you a new release is out, and how the Update website command refreshes the site's files in your browser.","Website › Kits › Update Kit","466","2026-09-25"
"website","website/kits/update-kit/docs/README.md","Update Kit guides","Contents of the Update Kit guides: the update notice, the Update website command, reference, troubleshooting and FAQ.","Website › Kits › Update Kit","83","2026-09-25"
"website","website/kits/update-kit/docs/getting-started.md","Getting started with the Update Kit","Recognise the Update available notice and the Update website command, and update the site for the first time.","Website › Kits › Update Kit","328","2026-09-25"
"website","website/kits/update-kit/docs/update-the-website.md","Update the website","What happens, step by step, when you select Update now or run Update website, and what is and is not affected.","Website › Kits › Update Kit","402","2026-09-25"
"website","website/kits/update-kit/docs/reference.md","Update Kit reference","Every control, state and message of the Update Kit's notice and command.","Website › Kits › Update Kit","418","2026-09-25"
"website","website/kits/update-kit/docs/troubleshooting.md","Update Kit troubleshooting","Fixes for update problems, such as a notice that keeps returning, an update that fails, or a page that still looks old.","Website › Kits › Update Kit","363","2026-09-25"
"website","website/kits/update-kit/docs/faq.md","Update Kit FAQ","Short answers to common questions about updating auricartisan.com in your browser.","Website › Kits › Update Kit","204","2026-09-25"
"website","website/kits/update-kit/others/README.md","Update Kit reference material","Contents of the Update Kit reference pages: glossary, shortcuts, limits, related pages, release notes and privacy.","Website › Kits › Update Kit","101","2026-09-25"
"website","website/kits/update-kit/others/shortcuts.md","Update Kit shortcuts","The keyboard shortcut for updating the website.","Website › Kits › Update Kit","74","2026-09-25"
"website","website/kits/update-kit/others/glossary.md","Update Kit glossary","Terms used in the Update Kit pages.","Website › Kits › Update Kit","115","2026-09-25"
"website","website/kits/update-kit/others/limits-and-accuracy.md","Update Kit limits","What an update refreshes, what it leaves alone, and when the notice appears.","Website › Kits › Update Kit","210","2026-09-25"
"website","website/kits/update-kit/others/privacy.md","Update Kit privacy","What the Update Kit stores in your browser and what it fetches.","Website › Kits › Update Kit","114","2026-09-25"
"website","website/kits/update-kit/others/release-notes.md","Update Kit release notes","What the public changelog records about website updates, and how the Update Kit works as of September 2026.","Website › Kits › Update Kit","179","2026-09-25"
"website","website/kits/update-kit/others/related.md","Related to the Update Kit","Features and pages related to the Update Kit.","Website › Kits › Update Kit","76","2026-09-25"
"website","website/kits/others/README.md","Reference material for all kits","Contents of the shared reference pages for all kits: glossary, shortcuts, privacy and related pages.","Website › Kits","116","2026-09-25"
"website","website/kits/others/shortcuts.md","Kit keyboard shortcuts","Every keyboard shortcut for opening, closing and using the kits, in one table.","Website › Kits","640","2026-09-25"
"website","website/kits/others/glossary.md","Kits glossary","Terms used across the kit guides, from launcher and Focus mode to tool visibility mode.","Website › Kits","381","2026-09-25"
"website","website/kits/others/privacy.md","Kits and your privacy","What each kit keeps in your browser, what it sends over the network, and how to clear it.","Website › Kits","479","2026-09-25"
"website","website/kits/others/related.md","Related to the kits","Site features, tools and pages that work alongside the kits.","Website › Kits","186","2026-09-25"
"website","website/library/README.md","Library","An overview of the Auric Artisan library and a map of its documentation.","Website › Library","608","2026-09-25"
"website","website/library/blog/README.md","Blog","What the Auric Artisan blog contains, where to find it, and how to read and follow it.","Website › Library › Blog","283","2026-09-25"
"website","website/library/blog/docs/README.md","Blog: docs","Guides to the Auric Artisan blog and a summary of every post.","Website › Library › Blog","52","2026-09-25"
"website","website/library/blog/docs/getting-started.md","Getting started","Read the Auric Artisan blog page and its posts, print a post, and follow new posts by RSS.","Website › Library › Blog","289","2026-09-25"
"website","website/library/blog/docs/posts.md","All posts","A summary of every post on the Auric Artisan blog.","Website › Library › Blog","424","2026-09-25"
"website","website/library/blog/docs/faq.md","Blog FAQ","Short answers about the Auric Artisan blog.","Website › Library › Blog","93","2026-09-25"
"website","website/library/blog/others/README.md","Blog: other material","Supporting material for the blog.","Website › Library › Blog","42","2026-09-25"
"website","website/library/blog/others/related.md","Related","Pages related to the blog, and a note on privacy.","Website › Library › Blog","75","2026-09-25"
"website","website/library/changelog/README.md","Changelog","What the Auric Artisan changelog contains, how to search it, and where to find a summary of each release.","Website › Library › Changelog","343","2026-09-25"
"website","website/library/changelog/docs/README.md","Changelog: docs","Guides to the changelog page and a summary of every release.","Website › Library › Changelog","58","2026-09-25"
"website","website/library/changelog/docs/getting-started.md","Getting started","Use the changelog page to find a release, search every change, filter by type and by what was touched, and link to a release.","Website › Library › Changelog","465","2026-09-25"
"website","website/library/changelog/docs/releases.md","Release summaries","A user-facing summary of every release in the Auric Artisan changelog, newest first.","Website › Library › Changelog","870","2026-09-25"
"website","website/library/changelog/docs/faq.md","Changelog FAQ","Short answers about the Auric Artisan changelog.","Website › Library › Changelog","156","2026-09-25"
"website","website/library/changelog/others/README.md","Changelog: other material","Supporting material for the changelog.","Website › Library › Changelog","36","2026-09-25"
"website","website/library/changelog/others/related.md","Related","Pages related to the changelog, and a note on privacy.","Website › Library › Changelog","85","2026-09-25"
"website","website/library/collections/README.md","Collections","What the Collections page is, who it is for, and how to find, pin and open any Auric Artisan tool from it.","Website › Library › Collections","696","2026-09-25"
"website","website/library/collections/docs/README.md","Collections docs","The task guides and reference pages for the Collections tool catalogue.","Website › Library › Collections","193","2026-09-25"
"website","website/library/collections/docs/getting-started.md","Getting started with Collections","Tour the Collections page and find your first tool.","Website › Library › Collections","723","2026-09-25"
"website","website/library/collections/docs/browse-search-and-filter.md","Browse, search and filter","Narrow the tool catalogue with search, category and topic filters, sort orders and layout options.","Website › Library › Collections","941","2026-09-25"
"website","website/library/collections/docs/card-menu.md","Use the card menu","Right-click any tool card to pin, open or copy it, and to change the grid's view, density, columns and sort order.","Website › Library › Collections","696","2026-09-25"
"website","website/library/collections/docs/pin-and-recommendations.md","Pin tools and use recommendations","Pin the tools you rely on, see your most used tools first, understand the Recommended order, and reset all of it.","Website › Library › Collections","790","2026-09-25"
"website","website/library/collections/docs/show-basic-or-advanced-tools.md","Show basic or advanced tools","Understand why Collections may show fewer than 30 tools, and switch between Basic, Advanced, Everything and a custom set.","Website › Library › Collections","441","2026-09-25"
"website","website/library/collections/docs/reference.md","Collections reference","Every control, filter, sort order and menu item on the Collections page, and the full catalogue of 30 tools.","Website › Library › Collections","2321","2026-09-25"
"website","website/library/collections/docs/troubleshooting.md","Troubleshooting Collections","Fix common problems on the Collections page, from missing tools to lost pins.","Website › Library › Collections","727","2026-09-25"
"website","website/library/collections/docs/faq.md","Collections FAQ","Short answers to common questions about the Collections tool catalogue.","Website › Library › Collections","399","2026-09-25"
"website","website/library/collections/others/README.md","Collections: other material","Supporting material for the Collections page: glossary, shortcuts, limits, related pages and privacy.","Website › Library › Collections","118","2026-09-25"
"website","website/library/collections/others/shortcuts.md","Collections shortcuts","Keyboard and mouse actions on the Collections page.","Website › Library › Collections","220","2026-09-25"
"website","website/library/collections/others/glossary.md","Collections glossary","Definitions of the terms used on the Collections page.","Website › Library › Collections","337","2026-09-25"
"website","website/library/collections/others/limits-and-accuracy.md","Limits and accuracy","What the Collections counts, sort orders and recommendations tell you, and what they do not.","Website › Library › Collections","324","2026-09-25"
"website","website/library/collections/others/privacy.md","Privacy","What the Collections page stores in your browser and what it fetches over the network.","Website › Library › Collections","245","2026-09-25"
"website","website/library/collections/others/related.md","Related pages","Pages, kits and libraries that work alongside the Collections catalogue.","Website › Library › Collections","156","2026-09-25"
"website","website/library/colour-libraries/README.md","Colour libraries","An overview of the six Auric Artisan colour libraries and a map of their documentation.","Website › Library › Colour libraries","357","2026-09-25"
"website","website/library/colour-libraries/accessibility-library/README.md","Accessibility Library","What the Accessibility Color Pair Library is, who it is for, where to find it, and how to find text colours that pass on any background.","Website › Library › Colour libraries › Accessibility Library","592","2026-09-25"
"website","website/library/colour-libraries/accessibility-library/docs/README.md","Accessibility Library documentation","The task guides, reference, troubleshooting and FAQ for the Accessibility Color Pair Library.","Website › Library › Colour libraries › Accessibility Library","118","2026-09-25"
"website","website/library/colour-libraries/accessibility-library/docs/getting-started.md","Getting started","Open the Accessibility Library, learn the screen, and find passing text colours for a background.","Website › Library › Colour libraries › Accessibility Library","453","2026-09-25"
"website","website/library/colour-libraries/accessibility-library/docs/check-your-own-colours.md","Check your own colours","Paste your palette into ""Or bring your own"" to place each colour on the map and see how much lightness each failing colour needs.","Website › Library › Colour libraries › Accessibility Library","365","2026-09-25"
"website","website/library/colour-libraries/accessibility-library/docs/look-up-and-browse-the-index.md","Look up and browse the index","Look up any of five million scored colour pairs by record id, read its WCAG, APCA and Auric SD scores, and browse pairs that pass.","Website › Library › Colour libraries › Accessibility Library","695","2026-09-25"
"website","website/library/colour-libraries/accessibility-library/docs/read-the-contrast-map.md","Read the contrast map","Choose a ground and a target, explore the contrast map by pointer or keyboard, and read the ratio, APCA value, vision margin and distance to the line.","Website › Library › Colour libraries › Accessibility Library","781","2026-09-25"
"website","website/library/colour-libraries/accessibility-library/docs/use-the-picks.md","Use the picks","Take up to twelve passing foreground colours for your ground, preview them, and copy them as CSS custom properties.","Website › Library › Colour libraries › Accessibility Library","288","2026-09-25"
"website","website/library/colour-libraries/accessibility-library/docs/reference.md","Accessibility Library reference","Every control, output and message in the Accessibility Color Pair Library.","Website › Library › Colour libraries › Accessibility Library","841","2026-09-25"
"website","website/library/colour-libraries/accessibility-library/docs/troubleshooting.md","Troubleshooting","Symptoms, causes and fixes for problems in the Accessibility Library.","Website › Library › Colour libraries › Accessibility Library","363","2026-09-25"
"website","website/library/colour-libraries/accessibility-library/docs/faq.md","Accessibility Library FAQ","Short answers to common questions about the Accessibility Library.","Website › Library › Colour libraries › Accessibility Library","302","2026-09-25"
"website","website/library/colour-libraries/accessibility-library/others/README.md","Accessibility Library: other material","Supporting material for the Accessibility Library: glossary, shortcuts, limits, related pages, privacy and release notes.","Website › Library › Colour libraries › Accessibility Library","93","2026-09-25"
"website","website/library/colour-libraries/accessibility-library/others/shortcuts.md","Accessibility Library shortcuts","Keyboard control of the contrast map and other keys in the Accessibility Library.","Website › Library › Colour libraries › Accessibility Library","137","2026-09-25"
"website","website/library/colour-libraries/accessibility-library/others/glossary.md","Accessibility Library glossary","Definitions of the terms used in the Accessibility Library.","Website › Library › Colour libraries › Accessibility Library","306","2026-09-25"
"website","website/library/colour-libraries/accessibility-library/others/limits-and-accuracy.md","Limits and accuracy","What the Accessibility Library measures, how precisely, and what it is not.","Website › Library › Colour libraries › Accessibility Library","318","2026-09-25"
"website","website/library/colour-libraries/accessibility-library/others/privacy.md","Privacy","What the Accessibility Library computes locally and what uses the network.","Website › Library › Colour libraries › Accessibility Library","153","2026-09-25"
"website","website/library/colour-libraries/accessibility-library/others/release-notes.md","Release notes","User-facing history of the Accessibility Library.","Website › Library › Colour libraries › Accessibility Library","105","2026-09-25"
"website","website/library/colour-libraries/accessibility-library/others/related.md","Related","Libraries, tools and Learn articles that work alongside the Accessibility Library.","Website › Library › Colour libraries › Accessibility Library","122","2026-09-25"
"website","website/library/colour-libraries/color-library/README.md","Color Library","What the Color Library is, who it is for, where to find it and how to look up your first colour.","Website › Library › Colour libraries › Color Library","835","2026-09-25"
"website","website/library/colour-libraries/color-library/docs/README.md","Color Library documentation","The list of task guides, the reference, troubleshooting and FAQ for the Color Library.","Website › Library › Colour libraries › Color Library","227","2026-09-25"
"website","website/library/colour-libraries/color-library/docs/getting-started.md","Getting started","Open the Color Library, learn what each section and tab does, and look up your first colour.","Website › Library › Colour libraries › Color Library","823","2026-09-25"
"website","website/library/colour-libraries/color-library/docs/browse-search-and-filter.md","Browse, search and filter","Narrow the 8,192-colour atlas with the two search boxes, eight filters and six sort orders, and move around the grid.","Website › Library › Colour libraries › Color Library","863","2026-09-25"
"website","website/library/colour-libraries/color-library/docs/choose-by-requirement.md","Choose colours by requirement","Use the seven requirement chips to narrow the atlas by what a colour has to do, and read what each requirement costs.","Website › Library › Colour libraries › Color Library","584","2026-09-25"
"website","website/library/colour-libraries/color-library/docs/copy-and-export.md","Copy and export","Copy one colour in six formats, download it as JSON, SVG or PNG, and download every matching colour in seven formats.","Website › Library › Colour libraries › Color Library","746","2026-09-25"
"website","website/library/colour-libraries/color-library/docs/find-nearest-colours.md","Find a colour's nearest neighbours","Paste a colour in any CSS format and read the five catalogued colours closest to it, with their distance and contrast.","Website › Library › Colour libraries › Color Library","793","2026-09-25"
"website","website/library/colour-libraries/color-library/docs/read-a-colour.md","Read a colour","Everything on The colour tab: the contrast verdict, the colour-blindness values, every notation and metric, and the nearest neighbours.","Website › Library › Colour libraries › Color Library","805","2026-09-25"
"website","website/library/colour-libraries/color-library/docs/read-the-statistics.md","Read the statistics","Use the four histograms on the Stats tab to see how hue, lightness, chroma and contrast are spread across the colours you have filtered.","Website › Library › Colour libraries › Color Library","362","2026-09-25"
"website","website/library/colour-libraries/color-library/docs/save-colours.md","Save colours","Save colours with the star, find them on the Saved tab, and reach them again from your Library.","Website › Library › Colour libraries › Color Library","378","2026-09-25"
"website","website/library/colour-libraries/color-library/docs/reference.md","Color Library reference","Every control, filter, sort order, tab, output, file name and message in the Color Library.","Website › Library › Colour libraries › Color Library","1693","2026-09-25"
"website","website/library/colour-libraries/color-library/docs/troubleshooting.md","Troubleshooting","Symptoms, causes and fixes for problems in the Color Library.","Website › Library › Colour libraries › Color Library","696","2026-09-25"
"website","website/library/colour-libraries/color-library/docs/faq.md","Color Library FAQ","Short answers to common questions about the Color Library.","Website › Library › Colour libraries › Color Library","323","2026-09-25"
"website","website/library/colour-libraries/color-library/others/README.md","Color Library: other material","Supporting material for the Color Library: glossary, shortcuts, limits, related pages, privacy and release notes.","Website › Library › Colour libraries › Color Library","131","2026-09-25"
"website","website/library/colour-libraries/color-library/others/shortcuts.md","Color Library shortcuts","Keyboard and pointer actions in the Color Library.","Website › Library › Colour libraries › Color Library","172","2026-09-25"
"website","website/library/colour-libraries/color-library/others/glossary.md","Color Library glossary","Definitions of the colour terms used in the Color Library.","Website › Library › Colour libraries › Color Library","474","2026-09-25"
"website","website/library/colour-libraries/color-library/others/limits-and-accuracy.md","Limits and accuracy","What the Color Library's figures measure, how precisely, and what they are not.","Website › Library › Colour libraries › Color Library","399","2026-09-25"
"website","website/library/colour-libraries/color-library/others/privacy.md","Privacy","What the Color Library keeps in your browser and what it fetches over the network.","Website › Library › Colour libraries › Color Library","224","2026-09-25"
"website","website/library/colour-libraries/color-library/others/release-notes.md","Release notes","User-facing history of the Color Library.","Website › Library › Colour libraries › Color Library","107","2026-09-25"
"website","website/library/colour-libraries/color-library/others/related.md","Related","Libraries, tools and Learn articles that work alongside the Color Library.","Website › Library › Colour libraries › Color Library","180","2026-09-25"
"website","website/library/colour-libraries/gradient-library/README.md","Gradient Library","What the Gradient Library is, who it is for, where to find it, and how to check your own gradient and export one from the collection.","Website › Library › Colour libraries › Gradient Library","602","2026-09-25"
"website","website/library/colour-libraries/gradient-library/docs/README.md","Gradient Library documentation","The task guides, reference, troubleshooting and FAQ for the Gradient Library.","Website › Library › Colour libraries › Gradient Library","182","2026-09-25"
"website","website/library/colour-libraries/gradient-library/docs/getting-started.md","Getting started","Open the Gradient Library, learn what each part of the screen does, and check, pick and export a first gradient.","Website › Library › Colour libraries › Gradient Library","607","2026-09-25"
"website","website/library/colour-libraries/gradient-library/docs/browse-search-and-filter.md","Browse, search and filter","Narrow 8,192 gradients by search, method, scheme, complexity, stops, interpolation, easing, score and banding, and sort the results.","Website › Library › Colour libraries › Gradient Library","717","2026-09-25"
"website","website/library/colour-libraries/gradient-library/docs/check-your-gradient.md","Check your own gradient","Enter your gradient's stops in ""Will your gradient band?"", read the verdict, find the worst step and fix it.","Website › Library › Colour libraries › Gradient Library","789","2026-09-25"
"website","website/library/colour-libraries/gradient-library/docs/copy-export-and-share.md","Copy, export and share","Copy a gradient's CSS, download it as a CSS class, JSON, SVG, PNG or Tailwind token, export design tokens, share a link, and export whole filtered sets.","Website › Library › Colour libraries › Gradient Library","616","2026-09-25"
"website","website/library/colour-libraries/gradient-library/docs/inspect-a-gradient.md","Inspect a gradient","Read the Inspect tab: the preview, twelve quick facts, the CSS, the colour stops, the generator metrics and quick exports.","Website › Library › Colour libraries › Gradient Library","484","2026-09-25"
"website","website/library/colour-libraries/gradient-library/docs/save-gradients.md","Save gradients","Save gradients, find them on the Saved tab, and reach them from your Library.","Website › Library › Colour libraries › Gradient Library","222","2026-09-25"
"website","website/library/colour-libraries/gradient-library/docs/tags-and-statistics.md","Tags and statistics","Browse the collection by tag on the Tags tab, and read distributions for your filtered set on the Stats tab.","Website › Library › Colour libraries › Gradient Library","328","2026-09-25"
"website","website/library/colour-libraries/gradient-library/docs/test-vision-contrast-and-text.md","Test vision, contrast and text","Use the Vision, Accessibility and Pair tabs to see a gradient under colour vision deficiencies, measure its contrast along the ramp, and test a text colour on it.","Website › Library › Colour libraries › Gradient Library","562","2026-09-25"
"website","website/library/colour-libraries/gradient-library/docs/reference.md","Gradient Library reference","Every control, filter, sort order, tab, output, file name and message in the Gradient Library.","Website › Library › Colour libraries › Gradient Library","1273","2026-09-25"
"website","website/library/colour-libraries/gradient-library/docs/troubleshooting.md","Troubleshooting","Symptoms, causes and fixes for problems in the Gradient Library.","Website › Library › Colour libraries › Gradient Library","493","2026-09-25"
"website","website/library/colour-libraries/gradient-library/docs/faq.md","Gradient Library FAQ","Short answers to common questions about the Gradient Library.","Website › Library › Colour libraries › Gradient Library","281","2026-09-25"
"website","website/library/colour-libraries/gradient-library/others/README.md","Gradient Library: other material","Supporting material for the Gradient Library: glossary, shortcuts, limits, related pages, privacy and release notes.","Website › Library › Colour libraries › Gradient Library","97","2026-09-25"
"website","website/library/colour-libraries/gradient-library/others/shortcuts.md","Gradient Library shortcuts","Keyboard and pointer actions in the Gradient Library.","Website › Library › Colour libraries › Gradient Library","164","2026-09-25"
"website","website/library/colour-libraries/gradient-library/others/glossary.md","Gradient Library glossary","Definitions of the terms used in the Gradient Library.","Website › Library › Colour libraries › Gradient Library","317","2026-09-25"
"website","website/library/colour-libraries/gradient-library/others/limits-and-accuracy.md","Limits and accuracy","What the Gradient Library's banding verdicts, contrast figures and previews measure, and what they do not.","Website › Library › Colour libraries › Gradient Library","357","2026-09-25"
"website","website/library/colour-libraries/gradient-library/others/privacy.md","Privacy","What the Gradient Library keeps in your browser and what it fetches over the network.","Website › Library › Colour libraries › Gradient Library","198","2026-09-25"
"website","website/library/colour-libraries/gradient-library/others/release-notes.md","Release notes","User-facing history of the Gradient Library.","Website › Library › Colour libraries › Gradient Library","71","2026-09-25"
"website","website/library/colour-libraries/gradient-library/others/related.md","Related","Libraries, tools and Learn articles that work alongside the Gradient Library.","Website › Library › Colour libraries › Gradient Library","132","2026-09-25"
"website","website/library/colour-libraries/harmony-library/README.md","Harmony Library","What the Harmony Library is, who it is for, where to find it, and how to identify your own colours' harmony and export a scheme.","Website › Library › Colour libraries › Harmony Library","587","2026-09-25"
"website","website/library/colour-libraries/harmony-library/docs/README.md","Harmony Library documentation","The task guides, reference, troubleshooting and FAQ for the Harmony Library.","Website › Library › Colour libraries › Harmony Library","157","2026-09-25"
"website","website/library/colour-libraries/harmony-library/docs/getting-started.md","Getting started","Open the Harmony Library, learn the screen, and identify, inspect and export a first harmony.","Website › Library › Colour libraries › Harmony Library","563","2026-09-25"
"website","website/library/colour-libraries/harmony-library/docs/analyse-the-collection.md","Analyse the collection","Use the Theory, Accessibility and Stats tabs to see how schemes, families, adherence and contrast are distributed across the harmonies you have filtered.","Website › Library › Colour libraries › Harmony Library","511","2026-09-25"
"website","website/library/colour-libraries/harmony-library/docs/browse-search-and-filter.md","Browse, search and filter","Jump to a harmony by id, search, filter by hue, chroma, lightness and family, and sort the collection.","Website › Library › Colour libraries › Harmony Library","583","2026-09-25"
"website","website/library/colour-libraries/harmony-library/docs/copy-export-and-share.md","Copy, export and share","Copy a harmony as hex, CSS, SCSS or Tailwind with role-named variables, download JSON, ASE, SVG or PNG, export design tokens, share a link, and export many harmonies.","Website › Library › Colour libraries › Harmony Library","625","2026-09-25"
"website","website/library/colour-libraries/harmony-library/docs/identify-your-colours.md","Identify your colours' harmony","Use ""What harmony is this?"" to find which of the 23 schemes your colours form, how closely, and which schemes it cannot tell apart.","Website › Library › Colour libraries › Harmony Library","708","2026-09-25"
"website","website/library/colour-libraries/harmony-library/docs/inspect-a-harmony.md","Inspect a harmony","Read the Inspect tab: colour roles and names, the harmony summary, the colour-theory scheme, pair contrast and each colour's values.","Website › Library › Colour libraries › Harmony Library","581","2026-09-25"
"website","website/library/colour-libraries/harmony-library/docs/save-harmonies.md","Save harmonies","Save harmonies, find them on the Saved tab, and reach them from your Library.","Website › Library › Colour libraries › Harmony Library","177","2026-09-25"
"website","website/library/colour-libraries/harmony-library/docs/reference.md","Harmony Library reference","Every control, filter, sort order, tab, output and message in the Harmony Library.","Website › Library › Colour libraries › Harmony Library","997","2026-09-25"
"website","website/library/colour-libraries/harmony-library/docs/troubleshooting.md","Troubleshooting","Symptoms, causes and fixes for problems in the Harmony Library.","Website › Library › Colour libraries › Harmony Library","390","2026-09-25"
"website","website/library/colour-libraries/harmony-library/docs/faq.md","Harmony Library FAQ","Short answers to common questions about the Harmony Library.","Website › Library › Colour libraries › Harmony Library","221","2026-09-25"
"website","website/library/colour-libraries/harmony-library/others/README.md","Harmony Library: other material","Supporting material for the Harmony Library: glossary, shortcuts, limits, related pages, privacy and release notes.","Website › Library › Colour libraries › Harmony Library","95","2026-09-25"
"website","website/library/colour-libraries/harmony-library/others/shortcuts.md","Harmony Library shortcuts","Keyboard and pointer actions in the Harmony Library.","Website › Library › Colour libraries › Harmony Library","113","2026-09-25"
"website","website/library/colour-libraries/harmony-library/others/glossary.md","Harmony Library glossary","Definitions of the terms and all 23 colour-theory schemes used in the Harmony Library.","Website › Library › Colour libraries › Harmony Library","704","2026-09-25"
"website","website/library/colour-libraries/harmony-library/others/limits-and-accuracy.md","Limits and accuracy","What the Harmony Library's identifier, adherence and contrast figures measure, and what they do not.","Website › Library › Colour libraries › Harmony Library","256","2026-09-25"
"website","website/library/colour-libraries/harmony-library/others/privacy.md","Privacy","What the Harmony Library keeps in your browser and what it fetches over the network.","Website › Library › Colour libraries › Harmony Library","173","2026-09-25"
"website","website/library/colour-libraries/harmony-library/others/release-notes.md","Release notes","User-facing history of the Harmony Library.","Website › Library › Colour libraries › Harmony Library","90","2026-09-25"
"website","website/library/colour-libraries/harmony-library/others/related.md","Related","Libraries, tools and Learn articles that work alongside the Harmony Library.","Website › Library › Colour libraries › Harmony Library","104","2026-09-25"
"website","website/library/colour-libraries/palette-library/README.md","Palette Library","What the Palette Library is, who it is for, where to find it and how to find and export your first palette.","Website › Library › Colour libraries › Palette Library","731","2026-09-25"
"website","website/library/colour-libraries/palette-library/docs/README.md","Palette Library documentation","The task guides, reference, troubleshooting and FAQ for the Palette Library.","Website › Library › Colour libraries › Palette Library","188","2026-09-25"
"website","website/library/colour-libraries/palette-library/docs/getting-started.md","Getting started","Open the Palette Library, learn what each part of the screen does, and find, inspect and export a first palette.","Website › Library › Colour libraries › Palette Library","679","2026-09-25"
"website","website/library/colour-libraries/palette-library/docs/analyse-the-collection.md","Analyse the collection","Use the Harmony, Accessibility and Stats tabs to see how methods, hues, contrast and lightness are distributed across a sample of palettes.","Website › Library › Colour libraries › Palette Library","825","2026-09-25"
"website","website/library/colour-libraries/palette-library/docs/browse-search-and-filter.md","Browse, search and filter","Scroll five million palettes, jump to a palette by id, search, filter and sort, and read the counter that says how far a scan went.","Website › Library › Colour libraries › Palette Library","1053","2026-09-25"
"website","website/library/colour-libraries/palette-library/docs/copy-export-and-share.md","Copy, export and share","Copy a palette as hex, CSS, SCSS or Tailwind, download it as JSON, ASE, SVG or PNG, export design tokens, share a link, and download many palettes at once.","Website › Library › Colour libraries › Palette Library","988","2026-09-25"
"website","website/library/colour-libraries/palette-library/docs/inspect-a-palette.md","Inspect a palette","Read everything on the Inspect tab: the colour strip, the palette summary, pair-by-pair contrast and each colour's values.","Website › Library › Colour libraries › Palette Library","806","2026-09-25"
"website","website/library/colour-libraries/palette-library/docs/save-palettes.md","Save palettes","Save palettes, find them on the Saved tab, and reach them from your Library.","Website › Library › Colour libraries › Palette Library","324","2026-09-25"
"website","website/library/colour-libraries/palette-library/docs/reference.md","Palette Library reference","Every control, filter, sort order, tab, output, file name and message in the Palette Library.","Website › Library › Colour libraries › Palette Library","1538","2026-09-25"
"website","website/library/colour-libraries/palette-library/docs/troubleshooting.md","Troubleshooting","Symptoms, causes and fixes for problems in the Palette Library.","Website › Library › Colour libraries › Palette Library","660","2026-09-25"
"website","website/library/colour-libraries/palette-library/docs/faq.md","Palette Library FAQ","Short answers to common questions about the Palette Library.","Website › Library › Colour libraries › Palette Library","337","2026-09-25"
"website","website/library/colour-libraries/palette-library/others/README.md","Palette Library: other material","Supporting material for the Palette Library: glossary, shortcuts, limits, related pages, privacy and release notes.","Website › Library › Colour libraries › Palette Library","116","2026-09-25"
"website","website/library/colour-libraries/palette-library/others/shortcuts.md","Palette Library shortcuts","Keyboard and pointer actions in the Palette Library.","Website › Library › Colour libraries › Palette Library","161","2026-09-25"
"website","website/library/colour-libraries/palette-library/others/glossary.md","Palette Library glossary","Definitions of the terms used in the Palette Library.","Website › Library › Colour libraries › Palette Library","371","2026-09-25"
"website","website/library/colour-libraries/palette-library/others/limits-and-accuracy.md","Limits and accuracy","What the Palette Library's scans, samples and figures can tell you, and what they cannot.","Website › Library › Colour libraries › Palette Library","362","2026-09-25"
"website","website/library/colour-libraries/palette-library/others/privacy.md","Privacy","What the Palette Library keeps in your browser and what it fetches over the network.","Website › Library › Colour libraries › Palette Library","227","2026-09-25"
"website","website/library/colour-libraries/palette-library/others/release-notes.md","Release notes","User-facing history of the Palette Library.","Website › Library › Colour libraries › Palette Library","101","2026-09-25"
"website","website/library/colour-libraries/palette-library/others/related.md","Related","Libraries, tools and Learn articles that work alongside the Palette Library.","Website › Library › Colour libraries › Palette Library","140","2026-09-25"
"website","website/library/colour-libraries/shade-library/README.md","Shade Library","What the Shade Library is, who it is for, where to find it, and how to find and export a first shade scale.","Website › Library › Colour libraries › Shade Library","495","2026-09-25"
"website","website/library/colour-libraries/shade-library/docs/README.md","Shade Library documentation","The task guides, reference, troubleshooting and FAQ for the Shade Library.","Website › Library › Colour libraries › Shade Library","123","2026-09-25"
"website","website/library/colour-libraries/shade-library/docs/getting-started.md","Getting started","Open the Shade Library, learn the screen, and find, check and export a first shade scale.","Website › Library › Colour libraries › Shade Library","417","2026-09-25"
"website","website/library/colour-libraries/shade-library/docs/analyse-the-collection.md","Analyse the collection","Use the Harmony, Accessibility and Stats tabs to see how methods, profiles, text safety and token counts are distributed across your filtered scales.","Website › Library › Colour libraries › Shade Library","363","2026-09-25"
"website","website/library/colour-libraries/shade-library/docs/browse-search-and-filter.md","Browse, search and filter","Search and filter 8,192 shade scales by base hue, chroma, lightness and method, and sort the results.","Website › Library › Colour libraries › Shade Library","580","2026-09-25"
"website","website/library/colour-libraries/shade-library/docs/copy-export-and-share.md","Copy, export and share","Copy a shade scale as hex, token-named CSS, SCSS or Tailwind, download JSON, SVG or PNG, export design tokens, share a link, and export many scales.","Website › Library › Colour libraries › Shade Library","586","2026-09-25"
"website","website/library/colour-libraries/shade-library/docs/inspect-a-scale.md","Inspect a scale","Read the Inspect tab: token strip, shade summary, token contrast ladder and each token's values.","Website › Library › Colour libraries › Shade Library","520","2026-09-25"
"website","website/library/colour-libraries/shade-library/docs/save-scales.md","Save scales","Save shade scales, find them on the Saved tab, and reach them from your Library.","Website › Library › Colour libraries › Shade Library","156","2026-09-25"
"website","website/library/colour-libraries/shade-library/docs/reference.md","Shade Library reference","Every control, filter, sort order, tab, output and message in the Shade Library.","Website › Library › Colour libraries › Shade Library","867","2026-09-25"
"website","website/library/colour-libraries/shade-library/docs/troubleshooting.md","Troubleshooting","Symptoms, causes and fixes for problems in the Shade Library.","Website › Library › Colour libraries › Shade Library","318","2026-09-25"
"website","website/library/colour-libraries/shade-library/docs/faq.md","Shade Library FAQ","Short answers to common questions about the Shade Library.","Website › Library › Colour libraries › Shade Library","250","2026-09-25"
"website","website/library/colour-libraries/shade-library/others/README.md","Shade Library: other material","Supporting material for the Shade Library: glossary, shortcuts, limits, related pages, privacy and release notes.","Website › Library › Colour libraries › Shade Library","85","2026-09-25"
"website","website/library/colour-libraries/shade-library/others/shortcuts.md","Shade Library shortcuts","Keyboard and pointer actions in the Shade Library.","Website › Library › Colour libraries › Shade Library","93","2026-09-25"
"website","website/library/colour-libraries/shade-library/others/glossary.md","Shade Library glossary","Definitions of the terms used in the Shade Library.","Website › Library › Colour libraries › Shade Library","197","2026-09-25"
"website","website/library/colour-libraries/shade-library/others/limits-and-accuracy.md","Limits and accuracy","What the Shade Library's figures measure, and what they do not.","Website › Library › Colour libraries › Shade Library","213","2026-09-25"
"website","website/library/colour-libraries/shade-library/others/privacy.md","Privacy","What the Shade Library keeps in your browser and what it fetches over the network.","Website › Library › Colour libraries › Shade Library","146","2026-09-25"
"website","website/library/colour-libraries/shade-library/others/release-notes.md","Release notes","User-facing history of the Shade Library.","Website › Library › Colour libraries › Shade Library","61","2026-09-25"
"website","website/library/colour-libraries/shade-library/others/related.md","Related","Libraries, tools and Learn articles that work alongside the Shade Library.","Website › Library › Colour libraries › Shade Library","116","2026-09-25"
"website","website/library/documentation/README.md","Documentation","What the documentation library contains, who it is for, and how to find a tool's guide.","Website › Library › Documentation","435","2026-09-25"
"website","website/library/documentation/docs/README.md","Documentation: docs","Guides for using the documentation library, the list of all subjects, and the reference.","Website › Library › Documentation","101","2026-09-25"
"website","website/library/documentation/docs/getting-started.md","Getting started","Use the documentation index to find a tool's user guide or developer reference.","Website › Library › Documentation","340","2026-09-25"
"website","website/library/documentation/docs/all-subjects.md","All documentation subjects","Every subject in the documentation library, with links to its user guide and developer reference.","Website › Library › Documentation","1421","2026-09-25"
"website","website/library/documentation/docs/read-a-guide.md","Read a guide","Find your way around a documentation article: the subject list, breadcrumb, pair switch, contents, code blocks and pager.","Website › Library › Documentation","379","2026-09-25"
"website","website/library/documentation/docs/reference.md","Documentation reference","Every control and label on the documentation index and on documentation articles.","Website › Library › Documentation","283","2026-09-25"
"website","website/library/documentation/docs/troubleshooting.md","Troubleshooting","Symptoms, causes and fixes when using the documentation library.","Website › Library › Documentation","218","2026-09-25"
"website","website/library/documentation/docs/faq.md","Documentation FAQ","Short answers to common questions about the documentation library.","Website › Library › Documentation","154","2026-09-25"
"website","website/library/documentation/others/README.md","Documentation: other material","Supporting material for the documentation library.","Website › Library › Documentation","53","2026-09-25"
"website","website/library/documentation/others/glossary.md","Documentation glossary","Terms used in the documentation library.","Website › Library › Documentation","138","2026-09-25"
"website","website/library/documentation/others/privacy.md","Privacy","What the documentation pages store and send.","Website › Library › Documentation","84","2026-09-25"
"website","website/library/documentation/others/related.md","Related","Other places to find help with Auric Artisan.","Website › Library › Documentation","49","2026-09-25"
"website","website/library/learn/README.md","Learn","What the Learn library is, who it is for, where to find it, and how to start reading.","Website › Library › Learn","583","2026-09-25"
"website","website/library/learn/docs/README.md","Learn documentation","The guides, catalogue, reference, troubleshooting and FAQ for the Learn library.","Website › Library › Learn","112","2026-09-25"
"website","website/library/learn/docs/getting-started.md","Getting started","Use the Learn page to browse the course, filter by category, search, and pick up where you left off.","Website › Library › Learn","511","2026-09-25"
"website","website/library/learn/docs/article-catalog.md","Learn article catalogue","Every published Learn article, grouped by topic, with its number in the course, reading time, link and a one-line summary.","Website › Library › Learn","4110","2026-09-25"
"website","website/library/learn/docs/continue-your-journey.md","Continue your journey","How the recommendations at the end of each Learn article are chosen, and how to pin articles and see more suggestions.","Website › Library › Learn","518","2026-09-25"
"website","website/library/learn/docs/read-an-article.md","Read an article","Find your way around a Learn article: header actions, facts, table of contents, live demos, the quiz, printing and downloading.","Website › Library › Learn","613","2026-09-25"
"website","website/library/learn/docs/reference.md","Learn reference","Every control and label on the Learn page and on Learn article pages.","Website › Library › Learn","530","2026-09-25"
"website","website/library/learn/docs/troubleshooting.md","Troubleshooting","Symptoms, causes and fixes for problems on the Learn page and in Learn articles.","Website › Library › Learn","334","2026-09-25"
"website","website/library/learn/docs/faq.md","Learn FAQ","Short answers to common questions about the Learn library.","Website › Library › Learn","173","2026-09-25"
"website","website/library/learn/others/README.md","Learn: other material","Supporting material for the Learn library: glossary, shortcuts, limits, related pages, privacy and release notes.","Website › Library › Learn","94","2026-09-25"
"website","website/library/learn/others/shortcuts.md","Learn shortcuts","Keys and pointer actions on the Learn page and in Learn articles.","Website › Library › Learn","124","2026-09-25"
"website","website/library/learn/others/glossary.md","Learn glossary","Definitions of the terms used on the Learn page and in Learn articles' page furniture.","Website › Library › Learn","209","2026-09-25"
"website","website/library/learn/others/limits-and-accuracy.md","Limits and accuracy","What the Learn articles, demos and progress tracking are, and what they are not.","Website › Library › Learn","203","2026-09-25"
"website","website/library/learn/others/privacy.md","Privacy","What the Learn library remembers in your browser and what uses the network.","Website › Library › Learn","138","2026-09-25"
"website","website/library/learn/others/release-notes.md","Release notes","User-facing history of the Learn library.","Website › Library › Learn","107","2026-09-25"
"website","website/library/learn/others/related.md","Related","Libraries and tools that put the Learn articles into practice.","Website › Library › Learn","72","2026-09-25"
"website","website/portfolio/README.md","Portfolio Builder and Portfolio Index","What the Portfolio Builder and the Portfolio Index are, who they are for, and how to publish your first portfolio.","Website › Portfolio","618","2026-09-25"
"website","website/portfolio/docs/README.md","Portfolio documentation","Task guides, reference, troubleshooting and FAQ for the Portfolio Builder and the Portfolio Index.","Website › Portfolio","285","2026-09-25"
"website","website/portfolio/docs/getting-started.md","Getting started","Sign in, learn the builder's screen, and build and publish a first portfolio.","Website › Portfolio","541","2026-09-25"
"website","website/portfolio/docs/edit-in-the-preview.md","Edit in the preview","Type directly into the live preview, use the section rail and row controls, and add sections in place.","Website › Portfolio","631","2026-09-25"
"website","website/portfolio/docs/export-and-import.md","Export and import","Download your portfolio as HTML or PDF, export and import the JSON document, copy a snapshot link, and control the credit line.","Website › Portfolio","452","2026-09-25"
"website","website/portfolio/docs/header-and-avatar.md","Header and avatar","Fill in the portfolio header, follow your profile or override it, choose what to show, and set an avatar.","Website › Portfolio","529","2026-09-25"
"website","website/portfolio/docs/list-your-portfolio.md","List your portfolio","Put a builder portfolio or a portfolio on your own site into the Portfolio Index, check its status, change it or take it out.","Website › Portfolio","692","2026-09-25"
"website","website/portfolio/docs/manage-sections.md","Manage sections","Add, open, reorder, hide, duplicate and delete sections, and use the bulk actions.","Website › Portfolio","510","2026-09-25"
"website","website/portfolio/docs/markdown-and-raw-html.md","Markdown and Raw HTML","The Markdown the Portfolio Builder understands, and what a Raw HTML section keeps and removes.","Website › Portfolio","551","2026-09-25"
"website","website/portfolio/docs/portfolio-index.md","The Portfolio Index","Browse, search and filter the Portfolio Index by name, craft, place and colour, and share a search.","Website › Portfolio","835","2026-09-25"
"website","website/portfolio/docs/preview-and-check.md","Preview and check","Preview your portfolio at different widths and full screen, and use the Check pane to fix accessibility problems before publishing.","Website › Portfolio","751","2026-09-25"
"website","website/portfolio/docs/publish-and-share.md","Publish and share","Publish your portfolio at your own address or as a private link, update it, control search, the index, PDF and views, and unpublish.","Website › Portfolio","836","2026-09-25"
"website","website/portfolio/docs/save-undo-and-sync.md","Save, undo and sync","How the Portfolio Builder saves your draft, keeps it on your account, and lets you undo and redo.","Website › Portfolio","318","2026-09-25"
"website","website/portfolio/docs/section-types.md","Section types","All 25 section types in the Portfolio Builder and every field and option each one has.","Website › Portfolio","1639","2026-09-25"
"website","website/portfolio/docs/style-and-theme.md","Style and theme","Choose a typeface, paper, rhythm and accent for your portfolio, with the accent graded for contrast.","Website › Portfolio","488","2026-09-25"
"website","website/portfolio/docs/templates.md","Templates","Start a portfolio from one of eight templates, and what each template contains.","Website › Portfolio","398","2026-09-25"
"website","website/portfolio/docs/the-published-page.md","The published page","What visitors see at a published portfolio address and at a snapshot link.","Website › Portfolio","354","2026-09-25"
"website","website/portfolio/docs/reference.md","Portfolio reference","Every control, option, command, message and limit in the Portfolio Builder, the published page and the Portfolio Index.","Website › Portfolio","1432","2026-09-25"
"website","website/portfolio/docs/troubleshooting.md","Troubleshooting","Symptoms, causes and fixes for problems with the Portfolio Builder, publishing and the Portfolio Index.","Website › Portfolio","705","2026-09-25"
"website","website/portfolio/docs/faq.md","Portfolio FAQ","Short answers about the Portfolio Builder, publishing and the Portfolio Index.","Website › Portfolio","282","2026-09-25"
"website","website/portfolio/others/README.md","Portfolio: other material","Supporting material for the Portfolio Builder and Portfolio Index.","Website › Portfolio","92","2026-09-25"
"website","website/portfolio/others/shortcuts.md","Portfolio shortcuts","Keys and pointer actions in the Portfolio Builder, on published portfolios and in the Portfolio Index.","Website › Portfolio","227","2026-09-25"
"website","website/portfolio/others/glossary.md","Portfolio glossary","Terms used in the Portfolio Builder and the Portfolio Index.","Website › Portfolio","351","2026-09-25"
"website","website/portfolio/others/limits-and-accuracy.md","Limits and accuracy","Size limits, what the Check pane can and cannot tell you, and other limits of the Portfolio Builder and the Portfolio Index.","Website › Portfolio","363","2026-09-25"
"website","website/portfolio/others/privacy.md","Privacy","What the Portfolio Builder stores, what becomes public when you publish or list a portfolio, and how to remove it.","Website › Portfolio","357","2026-09-25"
"website","website/portfolio/others/related.md","Related","Libraries, tools and pages that work with the Portfolio Builder and Portfolio Index.","Website › Portfolio","103","2026-09-25"
"website","website/search/README.md","Search and the Search Console","What the Auric Artisan search page and the Search Console are, who they are for, and how to run your first search.","Website › Search","576","2026-09-25"
"website","website/search/docs/README.md","Search documentation","Task guides, reference, troubleshooting and FAQ for the search page and the Search Console.","Website › Search","215","2026-09-25"
"website","website/search/docs/getting-started.md","Getting started with search","A tour of the Auric Artisan search page and a first search, step by step.","Website › Search","498","2026-09-25"
"website","website/search/docs/console-reports.md","Read the console reports","What the Overview, Performance, Coverage, Pages and Links sections of the Auric Artisan Search Console show, and how to inspect a single address.","Website › Search","1148","2026-09-25"
"website","website/search/docs/instant-answers.md","Instant answers","The colour, contrast-pair and tool cards that lead the Auric Artisan search results, what each value means and how to use them.","Website › Search","752","2026-09-25"
"website","website/search/docs/manage-your-sites.md","Manage your sites","How to see every site on your Search Console account, switch between them, read how the crawler treats a site, and remove one.","Website › Search","481","2026-09-25"
"website","website/search/docs/query-syntax.md","Query syntax","The operators the Auric Artisan search page understands — phrases, exclusions and field filters — for site search and for web search.","Website › Search","609","2026-09-25"
"website","website/search/docs/request-a-crawl.md","Request a crawl","How to submit pages and sitemaps in the Auric Artisan Search Console, read the crawl queue, and control what the crawler fetches with robots.txt.","Website › Search","753","2026-09-25"
"website","website/search/docs/search-console.md","Set up the Search Console","How to sign in to the Auric Artisan Search Console, add your site and prove you own it with a file, a meta tag or a DNS record.","Website › Search","894","2026-09-25"
"website","website/search/docs/search-the-web.md","Search the web","How to use the globe on the Auric Artisan search page to search Auric Artisan's own index of the web, with suggestions, spelling correction and paging.","Website › Search","630","2026-09-25"
"website","website/search/docs/search-this-site.md","Search this site","How site search works on the Auric Artisan search page — typing, suggestions, results, section tabs, sorting, paging, corrections and recent searches.","Website › Search","800","2026-09-25"
"website","website/search/docs/understand-the-ranking.md","Understand the ranking","How site search orders results, the ""Why it ranks here"" panel, the field weights and the option to show a score on every result.","Website › Search","433","2026-09-25"
"website","website/search/docs/reference.md","Search reference","Every control, operator, status line, message and limit on the Auric Artisan search page and in the Search Console.","Website › Search","2296","2026-09-25"
"website","website/search/docs/troubleshooting.md","Troubleshooting","Symptoms, causes and fixes for problems with the Auric Artisan search page, web search and the Search Console.","Website › Search","1102","2026-09-25"
"website","website/search/docs/faq.md","Search FAQ","Short answers to common questions about the Auric Artisan search page, web search and the Search Console.","Website › Search","451","2026-09-25"
"website","website/search/others/README.md","Search: other material","Supporting material for the Auric Artisan search page and the Search Console.","Website › Search","93","2026-09-25"
"website","website/search/others/shortcuts.md","Search shortcuts","Keyboard shortcuts on the Auric Artisan search page and in the Search Console.","Website › Search","327","2026-09-25"
"website","website/search/others/glossary.md","Search glossary","Terms used on the Auric Artisan search page and in the Search Console.","Website › Search","445","2026-09-25"
"website","website/search/others/limits-and-accuracy.md","Limits and accuracy","What each Auric Artisan search index covers, how exact the answers and console figures are, and the limits that apply.","Website › Search","444","2026-09-25"
"website","website/search/others/privacy.md","Privacy","What the Auric Artisan search page and Search Console keep in your browser, what they send, and how to clear it.","Website › Search","403","2026-09-25"
"website","website/search/others/related.md","Related","Site features, tools and pages that work with the Auric Artisan search page and the Search Console.","Website › Search","125","2026-09-25"
"website","website/account-and-billing/README.md","Account and billing","Everything about your Auric Artisan account — signing up and in, the dashboard, security, plans, tokens, payments, invoices, refunds, API keys and deleting your account.","Website › Account and billing","939","2026-09-25"
"website","website/account-and-billing/docs/README.md","Account and billing docs","The task guides, reference, troubleshooting and FAQ for the Auric Artisan account, dashboard and billing.","Website › Account and billing","562","2026-09-25"
"website","website/account-and-billing/docs/getting-started.md","Getting started with the dashboard","Open the Auric Artisan account dashboard, learn its layout, and complete the first five tasks for a new account.","Website › Account and billing","835","2026-09-25"
"website","website/account-and-billing/docs/api-credits-and-spend.md","API credits and spend controls","How Auric Artisan API credits are counted, what is included, buying prepaid credits, paid overage, the monthly spend cap, the hard ceiling, and the usage panels in the dashboard.","Website › Account and billing","1733","2026-09-25"
"website","website/account-and-billing/docs/api-keys.md","API keys","Create, view, copy and revoke Auric Artisan API keys in the dashboard, and understand key limits, plans and what happens after a downgrade.","Website › Account and billing","768","2026-09-25"
"website","website/account-and-billing/docs/buy-a-plan.md","Buy a plan","Buy an Auric Artisan plan pass from the pricing page through Razorpay checkout, pay in dollars or rupees, and read the confirmation page.","Website › Account and billing","1048","2026-09-25"
"website","website/account-and-billing/docs/dashboard-overview.md","Overview section","Every part of the Overview section of the Auric Artisan dashboard — the statement, your saved work, next steps, quick links and the side column.","Website › Account and billing","851","2026-09-25"
"website","website/account-and-billing/docs/delete-your-account.md","Delete your account","Unlock the Auric Artisan danger zone, erase this browser's workspace, or permanently delete your account, and what deletion does and does not remove.","Website › Account and billing","993","2026-09-25"
"website","website/account-and-billing/docs/device-sign-in.md","Device sign-in","Approve the Auric command-line tool from your browser with a device code, so it can act as your account.","Website › Account and billing","394","2026-09-25"
"website","website/account-and-billing/docs/emails-and-messages.md","Emails and messages","The emails your Auric Artisan account sends, where replies to your messages arrive, and why there is no in-account inbox.","Website › Account and billing","416","2026-09-25"
"website","website/account-and-billing/docs/export-your-data.md","Export your data","Download your Auric Artisan account details, preferences, portfolio draft and saved library as one JSON file from the dashboard.","Website › Account and billing","371","2026-09-25"
"website","website/account-and-billing/docs/invoices-and-receipts.md","Invoices and receipts","Find your Auric Artisan payment history, open an invoice, print it or save it as PDF, and understand what the receipt is for tax purposes.","Website › Account and billing","682","2026-09-25"
"website","website/account-and-billing/docs/passwords.md","Passwords","Reset a forgotten Auric Artisan password, change your password from the dashboard, and add a password to a Google or GitHub account.","Website › Account and billing","693","2026-09-25"
"website","website/account-and-billing/docs/plan-and-usage.md","Plan & Usage section","Your Auric Artisan plan, usage meters, the Change plan cards, invoices and payment history, and the API console for plans with API access.","Website › Account and billing","1349","2026-09-25"
"website","website/account-and-billing/docs/plan-terms-and-cancelling.md","Plan terms, renewal and cancelling","Why Auric Artisan plan passes never renew, what happens when a pass ends, how to stop early, and what happens to tokens and credits.","Website › Account and billing","548","2026-09-25"
"website","website/account-and-billing/docs/plans-and-pricing.md","Plans and pricing","Every Auric Artisan plan with its prices in US dollars and rupees, monthly and annual terms, token and API allowances, the full comparison table, add-ons, and what is not built yet.","Website › Account and billing","2193","2026-09-25"
"website","website/account-and-billing/docs/profile.md","Profile section","Edit your Auric Artisan display name, username, bio, website, location and profile photo, choose an avatar from the gallery, and reach your public portfolio.","Website › Account and billing","988","2026-09-25"
"website","website/account-and-billing/docs/refunds.md","Refunds","The 7-day money-back window on Auric Artisan purchases, how to ask for a refund, how long it takes, and what a refund removes.","Website › Account and billing","583","2026-09-25"
"website","website/account-and-billing/docs/security-and-privacy.md","Security & Privacy section","Check your password and two-step status, manage signed-in devices, review sign-ins, export your data and reach the danger zone in the Auric Artisan dashboard.","Website › Account and billing","806","2026-09-25"
"website","website/account-and-billing/docs/sign-in.md","Sign in and sign out","Sign in to Auric Artisan with your email or username, with Google or GitHub, or with a second factor, and understand how long a sign-in lasts.","Website › Account and billing","954","2026-09-25"
"website","website/account-and-billing/docs/sign-up.md","Sign up","Create an Auric Artisan account with an email address and password, or with Google or GitHub, including every field rule and the human check.","Website › Account and billing","972","2026-09-25"
"website","website/account-and-billing/docs/tokens.md","Tokens","What Auric Artisan tokens pay for, how much each plan includes, when included tokens expire, how to claim and check them, and how they differ from API credits.","Website › Account and billing","803","2026-09-25"
"website","website/account-and-billing/docs/two-step-verification.md","Two-step verification","Protect your Auric Artisan account with authenticator-app codes and single-use backup codes, sign in with them, and turn them off.","Website › Account and billing","730","2026-09-25"
"website","website/account-and-billing/docs/verify-email.md","Verify your email","Confirm the email address on your Auric Artisan account, resend the link, and understand what stays locked until you do.","Website › Account and billing","630","2026-09-25"
"website","website/account-and-billing/docs/reference.md","Reference","Every screen, control, field, rule and status in the Auric Artisan account area, from the sign-in page to the dashboard, pricing, checkout and invoices.","Website › Account and billing","2405","2026-09-25"
"website","website/account-and-billing/docs/troubleshooting.md","Troubleshooting","Fixes for problems with signing in, verification emails, passwords, two-step codes, payments, invoices, API keys and the Auric Artisan dashboard.","Website › Account and billing","1839","2026-09-25"
"website","website/account-and-billing/docs/faq.md","FAQ","Short answers to common questions about Auric Artisan accounts, plans, payments, tokens, API keys and deleting an account.","Website › Account and billing","855","2026-09-25"
"website","website/account-and-billing/others/README.md","Account and billing: supporting pages","Supporting material for the Auric Artisan account area — glossary, keyboard shortcuts, limits, privacy and related pages.","Website › Account and billing","143","2026-09-25"
"website","website/account-and-billing/others/shortcuts.md","Keyboard shortcuts","Keyboard keys that work on the Auric Artisan sign-in page, the account dashboard and the related dialogs.","Website › Account and billing","294","2026-09-25"
"website","website/account-and-billing/others/glossary.md","Glossary","Plain-language definitions of the account, billing, security and API terms used in the Auric Artisan account area.","Website › Account and billing","677","2026-09-25"
"website","website/account-and-billing/others/limits-and-accuracy.md","Limits","Every rule, size limit, time window and count in the Auric Artisan account area, and what the dashboard's figures do and do not measure.","Website › Account and billing","707","2026-09-25"
"website","website/account-and-billing/others/privacy.md","Privacy","What the Auric Artisan account stores on its servers, what stays in your browser, what never reaches Auric Artisan, and how to export or delete it.","Website › Account and billing","475","2026-09-25"
"website","website/account-and-billing/others/related.md","Related","Documentation, policies and site pages connected to the Auric Artisan account, plans and billing.","Website › Account and billing","210","2026-09-25"
"website","website/download-and-offline/README.md","Download and offline","Install Auric Artisan as an app, prepare it to work offline, keep it up to date, manage its storage, and remove it.","Website › Download and offline","551","2026-09-25"
"website","website/download-and-offline/docs/README.md","Download and offline guides","Contents of the download and offline guides.","Website › Download and offline","142","2026-09-25"
"website","website/download-and-offline/docs/getting-started.md","Get started with the app and offline use","A tour of the Download page and the three steps to a working offline copy.","Website › Download and offline","401","2026-09-25"
"website","website/download-and-offline/docs/install-the-app.md","Install the app","Install Auric Artisan as an app on each platform the Download page covers, and what installing changes.","Website › Download and offline","598","2026-09-25"
"website","website/download-and-offline/docs/installed-app-features.md","Installed app features","App shortcuts, opening files with the app, sharing to it, and how links behave once Auric Artisan is installed.","Website › Download and offline","329","2026-09-25"
"website","website/download-and-offline/docs/prepare-offline.md","Prepare the offline version","Choose an offline profile and download the site into your browser so it works without a connection.","Website › Download and offline","754","2026-09-25"
"website","website/download-and-offline/docs/storage-and-cache.md","Storage and cache","Read the readiness checks and live metrics, and audit, repair or reset the offline copy.","Website › Download and offline","544","2026-09-25"
"website","website/download-and-offline/docs/uninstall.md","Uninstall and remove data","Remove the installed app, and clear the offline copy and other data the site keeps in your browser.","Website › Download and offline","222","2026-09-25"
"website","website/download-and-offline/docs/updates.md","Updates","How new versions of the site reach your browser and installed app, and how to apply them.","Website › Download and offline","362","2026-09-25"
"website","website/download-and-offline/docs/what-works-offline.md","What works offline","What keeps working without a connection, what needs one, and what the offline page shows.","Website › Download and offline","381","2026-09-25"
"website","website/download-and-offline/docs/reference.md","Download and offline reference","Every control, check, metric, profile, app property and message of the Download page and offline system.","Website › Download and offline","768","2026-09-25"
"website","website/download-and-offline/docs/troubleshooting.md","Troubleshooting the app and offline use","Fixes for common problems installing Auric Artisan, preparing it offline and keeping it up to date.","Website › Download and offline","465","2026-09-25"
"website","website/download-and-offline/docs/faq.md","Download and offline FAQ","Short answers about installing Auric Artisan and using it offline.","Website › Download and offline","239","2026-09-25"
"website","website/download-and-offline/others/README.md","Download and offline: supporting material","Contents of the download and offline supporting files.","Website › Download and offline","90","2026-09-25"
"website","website/download-and-offline/others/glossary.md","Download and offline glossary","Terms used in the download and offline guides.","Website › Download and offline","235","2026-09-25"
"website","website/download-and-offline/others/limits-and-accuracy.md","Download and offline limits and accuracy","Platform limits, storage limits, and what the Download page's figures do and do not tell you.","Website › Download and offline","327","2026-09-25"
"website","website/download-and-offline/others/privacy.md","Download and offline privacy","What the installed app and offline copy store on your device, and what the Download page reads.","Website › Download and offline","171","2026-09-25"
"website","website/download-and-offline/others/release-notes.md","Download and offline release notes","User-facing history of the installable app and offline support, from the public changelog.","Website › Download and offline","85","2026-09-25"
"website","website/download-and-offline/others/related.md","Related to download and offline","Features and products related to installing and offline use.","Website › Download and offline","83","2026-09-25"
"website","website/advertise/README.md","Advertise on Auric Artisan","What advertising on Auric Artisan offers, who it is for, and how to request your first campaign with the AdsSense campaign builder.","Website › Advertise","516","2026-09-25"
"website","website/advertise/docs/README.md","Advertise documentation","Task guides, reference, troubleshooting and FAQ for advertising on Auric Artisan and the Ad Library.","Website › Advertise","178","2026-09-25"
"website","website/advertise/docs/getting-started.md","Getting started with advertising","A tour of the Auric Artisan advertise page and how to send your first campaign request.","Website › Advertise","532","2026-09-25"
"website","website/advertise/docs/ad-library.md","The Ad Library","How to browse the Auric Artisan Ad Library, read an ad's details, and report an ad that breaks the creative policy.","Website › Advertise","388","2026-09-25"
"website","website/advertise/docs/create-a-campaign.md","Create a campaign","A step-by-step guide to the six-step AdsSense campaign builder on the Auric Artisan advertise page.","Website › Advertise","868","2026-09-25"
"website","website/advertise/docs/design-your-creative.md","Design your creative","How to design an ad in the AdsSense creative studio or upload finished artwork, the specifications for each format, and the creative policy.","Website › Advertise","784","2026-09-25"
"website","website/advertise/docs/destination-and-tracking.md","Destination and tracking","How to set the destination address of an Auric Artisan ad campaign, with UTM auto-tagging, custom URL parameters and tracking macros.","Website › Advertise","630","2026-09-25"
"website","website/advertise/docs/formats-and-placements.md","Formats and placements","The four ad formats on Auric Artisan, the five zones a campaign can run in, their sizes, benchmarks and starting prices.","Website › Advertise","602","2026-09-25"
"website","website/advertise/docs/pricing-and-booking.md","Pricing and booking","How the AdsSense live quote is worked out, the discounts and promo codes, currencies, what happens after you send a request, payment, refunds and the flight report.","Website › Advertise","763","2026-09-25"
"website","website/advertise/docs/reference.md","Advertise reference","Every control, option, price, limit and message in the AdsSense campaign builder and the Ad Library.","Website › Advertise","1449","2026-09-25"
"website","website/advertise/docs/troubleshooting.md","Troubleshooting","Symptoms, causes and fixes for problems with the AdsSense campaign builder, booking requests and the Ad Library.","Website › Advertise","674","2026-09-25"
"website","website/advertise/docs/faq.md","Advertise FAQ","Short answers to common questions about advertising on Auric Artisan.","Website › Advertise","443","2026-09-25"
"website","website/advertise/others/README.md","Advertise: other material","Supporting material for advertising on Auric Artisan.","Website › Advertise","83","2026-09-25"
"website","website/advertise/others/glossary.md","Advertise glossary","Advertising terms used on the Auric Artisan advertise page and in the Ad Library.","Website › Advertise","410","2026-09-25"
"website","website/advertise/others/limits-and-accuracy.md","Limits and accuracy","What the AdsSense price and delivery estimates are based on, how accurate they are, and the limits of the campaign builder.","Website › Advertise","355","2026-09-25"
"website","website/advertise/others/privacy.md","Privacy","What you share when you request an Auric Artisan ad campaign, what stays in your browser, and what ads do and do not track about visitors.","Website › Advertise","278","2026-09-25"
"website","website/advertise/others/related.md","Related","Pages, policies and product areas that work with advertising on Auric Artisan.","Website › Advertise","105","2026-09-25"
"website","website/company-and-legal/README.md","Company and legal","Plain-language summaries of Auric Artisan's company pages and legal policies, each linked to the official page that governs.","Website › Company and legal","493","2026-09-25"
"website","website/company-and-legal/docs/README.md","Company and legal docs","The list of plain-language summaries of Auric Artisan's company pages and legal policies.","Website › Company and legal","241","2026-09-25"
"website","website/company-and-legal/docs/getting-started.md","How to read the policies","Find a policy, read its effective date and version, navigate its sections, and use the plain-language summaries in these docs.","Website › Company and legal","658","2026-09-25"
"website","website/company-and-legal/docs/about.md","About Auric Artisan","A plain-language summary of Auric Artisan's About page — what the platform provides, its colour science, vision models, web analysis, theme generation, principles and independence.","Website › Company and legal","673","2026-09-25"
"website","website/company-and-legal/docs/acceptable-use-policy.md","Acceptable Use Policy","A plain-language summary of Auric Artisan's Acceptable Use Policy — what you may do, what is prohibited, the web-analysis rules, and how the policy is enforced.","Website › Company and legal","472","2026-09-25"
"website","website/company-and-legal/docs/accessibility-statement.md","Accessibility statement","A plain-language summary of Auric Artisan's Accessibility Statement — its commitment, what it aims to support, its stated limits and how to report a barrier.","Website › Company and legal","368","2026-09-25"
"website","website/company-and-legal/docs/author.md","Author page","A summary of the author page for Chirag Bansal, founder and engineer of Auric Artisan, including how the articles are written and whom to contact.","Website › Company and legal","321","2026-09-25"
"website","website/company-and-legal/docs/company-faq.md","FAQ page","A plain-language summary of the 32 questions on Auric Artisan's FAQ page, section by section, with notes where other pages give newer detail.","Website › Company and legal","787","2026-09-25"
"website","website/company-and-legal/docs/contact.md","Contact page","A plain-language summary of Auric Artisan's Contact page — the three inboxes, the seven topics, reply times and what happens after you send a message.","Website › Company and legal","504","2026-09-25"
"website","website/company-and-legal/docs/content-and-ip-policy.md","Content and Intellectual Property Policy","A plain-language summary of who owns what on Auric Artisan — your inputs and outputs, the limited licence you grant, the platform's own IP, open-source parts and exports.","Website › Company and legal","427","2026-09-25"
"website","website/company-and-legal/docs/cookie-policy.md","Cookie Policy","A plain-language summary of Auric Artisan's Cookie Policy — cookie categories, the storage list, the preferences panel and how to change or withdraw consent.","Website › Company and legal","868","2026-09-25"
"website","website/company-and-legal/docs/data-retention-and-deletion.md","Data Retention and Deletion Policy","A plain-language summary of how long Auric Artisan keeps different kinds of data, how deletion requests are handled, and what may be kept for legal reasons.","Website › Company and legal","579","2026-09-25"
"website","website/company-and-legal/docs/extension-privacy-policy.md","Browser Extension Privacy Policy","A plain-language summary of the privacy policy for the Auric Artisan browser extension — what it accesses, what it stores locally, its permissions and what it never does.","Website › Company and legal","484","2026-09-25"
"website","website/company-and-legal/docs/legal-index.md","Legal index","What is on Auric Artisan's Legal and Policies index page, with one line on each of the twelve policies.","Website › Company and legal","313","2026-09-25"
"website","website/company-and-legal/docs/licence-agreement.md","Licence Agreement","A plain-language summary of Auric Artisan's License Agreement — the licence to use the platform, its restrictions, your rights in outputs, open-source parts and termination.","Website › Company and legal","420","2026-09-25"
"website","website/company-and-legal/docs/pricing-page.md","Pricing page","How Auric Artisan's pricing page is organised and what each section says, with a pointer to the full plan-by-plan documentation.","Website › Company and legal","443","2026-09-25"
"website","website/company-and-legal/docs/privacy-policy.md","Privacy Policy","A plain-language summary of Auric Artisan's Privacy Policy — what data is collected, how it is used, who it is shared with, how long it is kept and your rights.","Website › Company and legal","772","2026-09-25"
"website","website/company-and-legal/docs/refund-policy.md","Refund Policy","A plain-language summary of Auric Artisan's Refund Policy — what is sold, the 7-day money-back window, how to ask, how refunds are paid, and why there is nothing to cancel.","Website › Company and legal","611","2026-09-25"
"website","website/company-and-legal/docs/security-page.md","Security page","A plain-language summary of Auric Artisan's Security page — how requests are protected, encryption, authentication, payments, what it does not claim, and responsible disclosure.","Website › Company and legal","636","2026-09-25"
"website","website/company-and-legal/docs/security-policy.md","Security Policy","A plain-language summary of Auric Artisan's legal Security Policy — principles, data protection, web-analysis scope, your responsibilities, limits, vulnerability reporting and incidents.","Website › Company and legal","418","2026-09-25"
"website","website/company-and-legal/docs/subscription-and-billing-policy.md","Subscription and Billing Policy","A plain-language summary of Auric Artisan's Subscription and Billing Policy — what is on sale, why nothing renews, tax, API credits, overage, spend caps, ceilings, expiry and downgrades.","Website › Company and legal","862","2026-09-25"
"website","website/company-and-legal/docs/terms-of-service.md","Terms of Service","A plain-language summary of Auric Artisan's Terms of Service, section by section, with the official page as the authority.","Website › Company and legal","910","2026-09-25"
"website","website/company-and-legal/docs/timeline.md","Timeline","A summary of Auric Artisan's company timeline page, from the first planning milestone in June 2025 to version 0.9.11 in August 2026.","Website › Company and legal","435","2026-09-25"
"website","website/company-and-legal/docs/transparency-and-ethics.md","Transparency and Ethics Policy","A plain-language summary of Auric Artisan's Transparency and Ethics Policy — its philosophy, what it commits to document, accuracy limits, automation, advertising, pricing fairness and independence.","Website › Company and legal","511","2026-09-25"
"website","website/company-and-legal/others/README.md","Company and legal: supporting pages","Supporting pages for the company and legal summaries — a glossary of policy terms and a map of related documentation.","Website › Company and legal","79","2026-09-25"
"website","website/company-and-legal/others/glossary.md","Glossary","Plain-language definitions of the legal, privacy, billing and security terms used in Auric Artisan's policies.","Website › Company and legal","693","2026-09-25"
"website","website/company-and-legal/others/related.md","Related","Where each Auric Artisan policy applies in the product, with links to the practical documentation.","Website › Company and legal","176","2026-09-25"
"vscode-extensions","vscode-extensions/README.md","VS Code extensions","Every Auric Artisan extension for Visual Studio Code, what each one does, its Marketplace ID and minimum VS Code version, and where its documentation lives.","VS Code extensions","656","2026-09-25"
"vscode-extensions","vscode-extensions/install-and-setup/README.md","Install and set up the Auric Artisan VS Code extensions","How to install, update, disable, remove and configure any of the seventeen Auric Artisan extensions for Visual Studio Code.","VS Code extensions › Install and setup","696","2026-09-25"
"vscode-extensions","vscode-extensions/install-and-setup/docs/README.md","Install and setup guides","Contents of the installation and setup guides for the Auric Artisan VS Code extensions.","VS Code extensions › Install and setup","231","2026-09-25"
"vscode-extensions","vscode-extensions/install-and-setup/docs/getting-started.md","Install an extension from the Extensions view","Find the right Auric Artisan extension in VS Code, install it, and confirm that it is working.","VS Code extensions › Install and setup","719","2026-09-25"
"vscode-extensions","vscode-extensions/install-and-setup/docs/display-language-hindi.md","Use an extension in Hindi","Switch Auric Artisan Live, Auric Artisan Theme and Auric Artisan Emoji to Hindi, and understand which labels follow VS Code's own display language.","VS Code extensions › Install and setup","744","2026-09-25"
"vscode-extensions","vscode-extensions/install-and-setup/docs/extension-packs.md","The two extension packs","What the Icon Pack and the Studio Full Pack install, how to install them, and how to keep only the parts you want.","VS Code extensions › Install and setup","433","2026-09-25"
"vscode-extensions","vscode-extensions/install-and-setup/docs/forks-and-other-editors.md","Cursor, Windsurf, VSCodium and other editors","Install the Auric Artisan VS Code extensions in editors built on VS Code that use a different extension gallery.","VS Code extensions › Install and setup","518","2026-09-25"
"vscode-extensions","vscode-extensions/install-and-setup/docs/get-support.md","Get support","Where to send a bug or question about an Auric Artisan VS Code extension, and how to gather the details that make it quick to solve.","VS Code extensions › Install and setup","498","2026-09-25"
"vscode-extensions","vscode-extensions/install-and-setup/docs/install-from-command-line.md","Install from the command line","Use the VS Code command-line launcher to install, list, update and remove Auric Artisan extensions, including all seventeen at once.","VS Code extensions › Install and setup","535","2026-09-25"
"vscode-extensions","vscode-extensions/install-and-setup/docs/install-from-vsix.md","Install from a VSIX file","Download an Auric Artisan extension as a VSIX package and install it in VS Code or an editor that cannot reach the Visual Studio Marketplace.","VS Code extensions › Install and setup","566","2026-09-25"
"vscode-extensions","vscode-extensions/install-and-setup/docs/settings-and-sync.md","Settings, sync and workspace trust","Where Auric Artisan extension settings live, how to share them with a team, what Settings Sync carries between machines, and what each extension does in an untrusted folder.","VS Code extensions › Install and setup","985","2026-09-25"
"vscode-extensions","vscode-extensions/install-and-setup/docs/update-disable-uninstall.md","Update, disable and uninstall","Keep Auric Artisan extensions up to date, install a specific version, switch an extension off, or remove it.","VS Code extensions › Install and setup","554","2026-09-25"
"vscode-extensions","vscode-extensions/install-and-setup/docs/reference.md","Reference: extension IDs and requirements","Every Auric Artisan VS Code extension with its exact ID, minimum VS Code version, published version and Marketplace address, plus the install commands and flags.","VS Code extensions › Install and setup","1057","2026-09-25"
"vscode-extensions","vscode-extensions/install-and-setup/docs/troubleshooting.md","Troubleshooting","Fix common problems when finding, installing, updating, configuring or removing an Auric Artisan VS Code extension.","VS Code extensions › Install and setup","929","2026-09-25"
"vscode-extensions","vscode-extensions/install-and-setup/docs/faq.md","FAQ","Short answers to common questions about installing, updating and configuring the Auric Artisan VS Code extensions.","VS Code extensions › Install and setup","443","2026-09-25"
"vscode-extensions","vscode-extensions/install-and-setup/others/README.md","Supporting material","Contents of the supporting pages for installing and setting up the Auric Artisan VS Code extensions.","VS Code extensions › Install and setup","117","2026-09-25"
"vscode-extensions","vscode-extensions/install-and-setup/others/shortcuts.md","Shortcuts and commands","The VS Code keys and commands you use to install, configure and manage the Auric Artisan extensions.","VS Code extensions › Install and setup","386","2026-09-25"
"vscode-extensions","vscode-extensions/install-and-setup/others/glossary.md","Glossary","Plain-language definitions of the terms used in the installation and setup guides.","VS Code extensions › Install and setup","369","2026-09-25"
"vscode-extensions","vscode-extensions/install-and-setup/others/limits-and-accuracy.md","Compatibility and limits","What the Auric Artisan extensions need from your editor and environment, and the boundaries to know before you install.","VS Code extensions › Install and setup","389","2026-09-25"
"vscode-extensions","vscode-extensions/install-and-setup/others/privacy.md","Privacy","A summary of which Auric Artisan extensions use the network, what they send, and where their data is stored.","VS Code extensions › Install and setup","309","2026-09-25"
"vscode-extensions","vscode-extensions/install-and-setup/others/related.md","Related extensions and pages","Where to find the documentation for each of the seventeen Auric Artisan extensions, and related Auric Artisan pages.","VS Code extensions › Install and setup","201","2026-09-25"
"vscode-extensions","vscode-extensions/auric-artisan-studio/README.md","Auric Artisan Studio","What Auric Artisan Studio is, which of its four extensions to install, and how to get your first result in a few minutes.","VS Code extensions › Auric Artisan Studio","1713","2026-09-25"
"vscode-extensions","vscode-extensions/auric-artisan-studio/docs/README.md","Auric Artisan Studio docs","The shared guides and reference pages that apply to every Auric Artisan Studio extension.","VS Code extensions › Auric Artisan Studio","453","2026-09-25"
"vscode-extensions","vscode-extensions/auric-artisan-studio/docs/getting-started.md","Getting started","Install the Studio, run your first project scan, and learn where every view, hover and status-bar item lives.","VS Code extensions › Auric Artisan Studio","1192","2026-09-25"
"vscode-extensions","vscode-extensions/auric-artisan-studio/docs/appearance.md","Appearance","Change the Studio's accent colour and understand how the Studio follows your VS Code light, dark and high-contrast themes.","VS Code extensions › Auric Artisan Studio","703","2026-09-25"
"vscode-extensions","vscode-extensions/auric-artisan-studio/docs/choosing-an-install.md","Choose what to install","Compare the four Studio extensions, see what each install shape gives you, and learn which extension owns which feature when several are installed.","VS Code extensions › Auric Artisan Studio","761","2026-09-25"
"vscode-extensions","vscode-extensions/auric-artisan-studio/docs/ci-gate.md","The CI gate","Run the bundled auric-artisan command-line scanner, freeze a baseline, fail pull requests only on new issues, and upload SARIF to code scanning.","VS Code extensions › Auric Artisan Studio","1138","2026-09-25"
"vscode-extensions","vscode-extensions/auric-artisan-studio/docs/command-center.md","The Command Center","Open the Command Center with one shortcut, understand each of its sections, and learn the six deterministic rules behind its suggestions.","VS Code extensions › Auric Artisan Studio","1061","2026-09-25"
"vscode-extensions","vscode-extensions/auric-artisan-studio/docs/contrast-studio.md","The Contrast Studio","Tune one text and background pair, choose a passing colour that keeps the hue, see where its token is used, and write the fix back to your code.","VS Code extensions › Auric Artisan Studio","1529","2026-09-25"
"vscode-extensions","vscode-extensions/auric-artisan-studio/docs/exports-and-records.md","Exports and health records","Generate the project health report, write health.json, SARIF and trend history, and export Markdown summaries from the Studio.","VS Code extensions › Auric Artisan Studio","1830","2026-09-25"
"vscode-extensions","vscode-extensions/auric-artisan-studio/docs/icon-studio-bridge.md","The Icon Studio bridge","Open the combined Auric icon library from any Studio extension, and understand which icon extension it opens.","VS Code extensions › Auric Artisan Studio","299","2026-09-25"
"vscode-extensions","vscode-extensions/auric-artisan-studio/docs/overview-view.md","The Overview view","Every card, row and button in the Overview sidebar view, in its accessibility, colour and code-health layouts.","VS Code extensions › Auric Artisan Studio","1053","2026-09-25"
"vscode-extensions","vscode-extensions/auric-artisan-studio/docs/remediation-plan.md","The remediation plan","Generate the agent-ready remediation plan, understand every part of it, and use it with a coding agent you already have.","VS Code extensions › Auric Artisan Studio","1144","2026-09-25"
"vscode-extensions","vscode-extensions/auric-artisan-studio/docs/rulebook-and-knowledge.md","Rulebook and knowledge database","Search the local rulebook and knowledge database, build knowledge.json and rulebook.md for your workspace, and add validated team guidance.","VS Code extensions › Auric Artisan Studio","1272","2026-09-25"
"vscode-extensions","vscode-extensions/auric-artisan-studio/docs/scanning.md","Scanning","How project scans, live re-grading and background scans work, what is read, how the cache and .auricignore behave, and what the .auric-artisan folder contains.","VS Code extensions › Auric Artisan Studio","1701","2026-09-25"
"vscode-extensions","vscode-extensions/auric-artisan-studio/docs/scores-and-grades.md","Scores and grades","How the overall, contrast, accessibility and code-health scores and their letter grades are calculated, with a worked example.","VS Code extensions › Auric Artisan Studio","969","2026-09-25"
"vscode-extensions","vscode-extensions/auric-artisan-studio/docs/studio-accessibility.md","Accessibility of the Studio","Use the Studio's own screens with a keyboard, a screen reader, zoom, reduced motion and high-contrast themes.","VS Code extensions › Auric Artisan Studio","886","2026-09-25"
"vscode-extensions","vscode-extensions/auric-artisan-studio/docs/studio.md","The Studio","Open the Studio tab, move between its spaces, and use the Home and Settings spaces.","VS Code extensions › Auric Artisan Studio","1585","2026-09-25"
"vscode-extensions","vscode-extensions/auric-artisan-studio/docs/suppression-and-branding.md","Suppression and branding","Silence a false positive with auric-disable comments, or classify a deliberate brand colour with auric-brand comments, by hand or with quick fixes.","VS Code extensions › Auric Artisan Studio","1431","2026-09-25"
"vscode-extensions","vscode-extensions/auric-artisan-studio/docs/workstation.md","The Workstation","How co-installed Studio extensions elect one host, hide duplicate views and present one Command Center and one Studio.","VS Code extensions › Auric Artisan Studio","690","2026-09-25"
"vscode-extensions","vscode-extensions/auric-artisan-studio/docs/reference.md","Reference","Every command, keybinding, view, menu entry, setting, theme colour and workspace file contributed by the four Studio extensions, in one place.","VS Code extensions › Auric Artisan Studio","2805","2026-09-25"
"vscode-extensions","vscode-extensions/auric-artisan-studio/docs/troubleshooting.md","Troubleshooting","Symptoms, causes and fixes for problems that affect the Studio as a whole, from missing views to scans that skip files.","VS Code extensions › Auric Artisan Studio","1364","2026-09-25"
"vscode-extensions","vscode-extensions/auric-artisan-studio/docs/faq.md","FAQ","Short answers to common questions about Auric Artisan Studio as a whole.","VS Code extensions › Auric Artisan Studio","639","2026-09-25"
"vscode-extensions","vscode-extensions/auric-artisan-studio/accessibility/README.md","Auric Accessibility — WCAG 2.2 Linter","What Auric Accessibility does, who it is for, how to install it, and a quick start from first scan to first fix.","VS Code extensions › Auric Artisan Studio › Auric Accessibility","799","2026-09-25"
"vscode-extensions","vscode-extensions/auric-artisan-studio/accessibility/docs/README.md","Auric Accessibility docs","The guides and reference pages for Auric Accessibility.","VS Code extensions › Auric Artisan Studio › Auric Accessibility","236","2026-09-25"
"vscode-extensions","vscode-extensions/auric-artisan-studio/accessibility/docs/getting-started.md","Getting started with Auric Accessibility","Install Auric Accessibility, read your first WCAG finding, inspect an element, scan the project and find everything it adds to VS Code.","VS Code extensions › Auric Artisan Studio › Auric Accessibility","540","2026-09-25"
"vscode-extensions","vscode-extensions/auric-artisan-studio/accessibility/docs/audit-profiles-and-contrast.md","Audit profiles and contrast standards","Choose which WCAG version the audit targets, and choose between WCAG 2.x contrast ratios and APCA.","VS Code extensions › Auric Artisan Studio › Auric Accessibility","686","2026-09-25"
"vscode-extensions","vscode-extensions/auric-artisan-studio/accessibility/docs/check-space.md","The Check space: Findings and Preview","Filter every finding in the Studio's Findings tool, and preview failing contrast next to its accessible repair in the Preview tool.","VS Code extensions › Auric Artisan Studio › Auric Accessibility","743","2026-09-25"
"vscode-extensions","vscode-extensions/auric-artisan-studio/accessibility/docs/editor-linting.md","Editor linting","Where Auric Accessibility checks your code as you type, how to read its diagnostics and hovers, and which fixes it can apply for you.","VS Code extensions › Auric Artisan Studio › Auric Accessibility","973","2026-09-25"
"vscode-extensions","vscode-extensions/auric-artisan-studio/accessibility/docs/inspect.md","Inspect","Use Inspect to see any element's or CSS rule's accessible name, role, colours, contrast, colour-vision impact and WCAG issues, with a before-and-after preview.","VS Code extensions › Auric Artisan Studio › Auric Accessibility","825","2026-09-25"
"vscode-extensions","vscode-extensions/auric-artisan-studio/accessibility/docs/manual-evidence.md","Manual evidence","The eight manual test procedures in Auric Accessibility's knowledge database, what each asks you to do, and how to record evidence for what automation cannot decide.","VS Code extensions › Auric Artisan Studio › Auric Accessibility","922","2026-09-25"
"vscode-extensions","vscode-extensions/auric-artisan-studio/accessibility/docs/project-issues-view.md","The Project Issues view","Browse, group, search and act on every finding from the last scan in the Project Issues tree view.","VS Code extensions › Auric Artisan Studio › Auric Accessibility","709","2026-09-25"
"vscode-extensions","vscode-extensions/auric-artisan-studio/accessibility/docs/project-scans.md","Project scans","Scan the whole project with Auric Accessibility, read the result, and keep the score up to date.","VS Code extensions › Auric Artisan Studio › Auric Accessibility","576","2026-09-25"
"vscode-extensions","vscode-extensions/auric-artisan-studio/accessibility/docs/rules.md","Rules","Every WCAG rule Auric Accessibility checks, grouped by success criterion, with its impact, what it catches and how to fix it.","VS Code extensions › Auric Artisan Studio › Auric Accessibility","4196","2026-09-25"
"vscode-extensions","vscode-extensions/auric-artisan-studio/accessibility/docs/reference.md","Auric Accessibility reference","Every command, keybinding, setting, view, menu entry and theme colour Auric Accessibility contributes.","VS Code extensions › Auric Artisan Studio › Auric Accessibility","1247","2026-09-25"
"vscode-extensions","vscode-extensions/auric-artisan-studio/accessibility/docs/troubleshooting.md","Auric Accessibility troubleshooting","Symptoms, causes and fixes for Auric Accessibility's diagnostics, Inspect, scans and Project Issues view.","VS Code extensions › Auric Artisan Studio › Auric Accessibility","744","2026-09-25"
"vscode-extensions","vscode-extensions/auric-artisan-studio/accessibility/docs/faq.md","Auric Accessibility FAQ","Short answers about Auric Accessibility.","VS Code extensions › Auric Artisan Studio › Auric Accessibility","410","2026-09-25"
"vscode-extensions","vscode-extensions/auric-artisan-studio/accessibility/others/README.md","Auric Accessibility: other resources","Glossary, shortcuts, limits and accuracy, related pages, release notes and privacy for Auric Accessibility.","VS Code extensions › Auric Artisan Studio › Auric Accessibility","105","2026-09-25"
"vscode-extensions","vscode-extensions/auric-artisan-studio/accessibility/others/shortcuts.md","Auric Accessibility shortcuts","Auric Accessibility's keyboard shortcuts, Command Palette titles and Studio keys.","VS Code extensions › Auric Artisan Studio › Auric Accessibility","326","2026-09-25"
"vscode-extensions","vscode-extensions/auric-artisan-studio/accessibility/others/glossary.md","Auric Accessibility glossary","Accessibility terms used in the Auric Accessibility documentation.","VS Code extensions › Auric Artisan Studio › Auric Accessibility","342","2026-09-25"
"vscode-extensions","vscode-extensions/auric-artisan-studio/accessibility/others/limits-and-accuracy.md","Auric Accessibility limits and accuracy","What Auric Accessibility's rules can judge, how their accuracy was measured, and what needs a person.","VS Code extensions › Auric Artisan Studio › Auric Accessibility","352","2026-09-25"
"vscode-extensions","vscode-extensions/auric-artisan-studio/accessibility/others/privacy.md","Auric Accessibility privacy","What Auric Accessibility stores and writes, and when it uses the network.","VS Code extensions › Auric Artisan Studio › Auric Accessibility","165","2026-09-25"
"vscode-extensions","vscode-extensions/auric-artisan-studio/accessibility/others/release-notes.md","Auric Accessibility release notes","Auric Accessibility's version history, taken from the Studio changelog.","VS Code extensions › Auric Artisan Studio › Auric Accessibility","377","2026-09-25"
"vscode-extensions","vscode-extensions/auric-artisan-studio/accessibility/others/related.md","Related to Auric Accessibility","Extensions, Studio pages, website tools and standards related to Auric Accessibility.","VS Code extensions › Auric Artisan Studio › Auric Accessibility","113","2026-09-25"
"vscode-extensions","vscode-extensions/auric-artisan-studio/code-health/README.md","Auric Code Health — Secrets, TODOs & Risk","What Auric Code Health does, who it is for, how to install it, and a quick start from first finding to CI record.","VS Code extensions › Auric Artisan Studio › Auric Code Health","787","2026-09-25"
"vscode-extensions","vscode-extensions/auric-artisan-studio/code-health/docs/README.md","Auric Code Health docs","The guides and reference pages for Auric Code Health.","VS Code extensions › Auric Artisan Studio › Auric Code Health","171","2026-09-25"
"vscode-extensions","vscode-extensions/auric-artisan-studio/code-health/docs/getting-started.md","Getting started with Auric Code Health","Install Auric Code Health, read your first finding, grade the repository and write your first CI record.","VS Code extensions › Auric Artisan Studio › Auric Code Health","553","2026-09-25"
"vscode-extensions","vscode-extensions/auric-artisan-studio/code-health/docs/categories-and-signatures.md","Categories and signatures","The seven code-health categories and every signature Auric Code Health detects, with the languages it checks and its confidence.","VS Code extensions › Auric Artisan Studio › Auric Code Health","2115","2026-09-25"
"vscode-extensions","vscode-extensions/auric-artisan-studio/code-health/docs/code-health-studio.md","The Code Health Studio","Use the Studio's Health space and the Overview to see the code-health score, filter findings by category and confidence, and act on them.","VS Code extensions › Auric Artisan Studio › Auric Code Health","693","2026-09-25"
"vscode-extensions","vscode-extensions/auric-artisan-studio/code-health/docs/health-records.md","Health records","Write health.json, SARIF 2.1.0 and a trend history for CI, understand how code-health findings are recorded and fingerprinted, and gate on new issues with a baseline.","VS Code extensions › Auric Artisan Studio › Auric Code Health","614","2026-09-25"
"vscode-extensions","vscode-extensions/auric-artisan-studio/code-health/docs/secrets-and-redaction.md","Secrets and redaction","How Auric Code Health finds hardcoded secrets, avoids placeholders, scores confidence, supports your own patterns, and makes sure a secret is never stored.","VS Code extensions › Auric Artisan Studio › Auric Code Health","808","2026-09-25"
"vscode-extensions","vscode-extensions/auric-artisan-studio/code-health/docs/reference.md","Auric Code Health reference","Every command, keybinding, setting and view Auric Code Health contributes.","VS Code extensions › Auric Artisan Studio › Auric Code Health","1086","2026-09-25"
"vscode-extensions","vscode-extensions/auric-artisan-studio/code-health/docs/troubleshooting.md","Auric Code Health troubleshooting","Symptoms, causes and fixes for Auric Code Health's findings, secrets, Studio and records.","VS Code extensions › Auric Artisan Studio › Auric Code Health","667","2026-09-25"
"vscode-extensions","vscode-extensions/auric-artisan-studio/code-health/docs/faq.md","Auric Code Health FAQ","Short answers about Auric Code Health.","VS Code extensions › Auric Artisan Studio › Auric Code Health","320","2026-09-25"
"vscode-extensions","vscode-extensions/auric-artisan-studio/code-health/others/README.md","Auric Code Health: other resources","Glossary, shortcuts, limits and accuracy, related pages, release notes and privacy for Auric Code Health.","VS Code extensions › Auric Artisan Studio › Auric Code Health","114","2026-09-25"
"vscode-extensions","vscode-extensions/auric-artisan-studio/code-health/others/shortcuts.md","Auric Code Health shortcuts","Auric Code Health's keyboard shortcuts and Command Palette titles.","VS Code extensions › Auric Artisan Studio › Auric Code Health","210","2026-09-25"
"vscode-extensions","vscode-extensions/auric-artisan-studio/code-health/others/glossary.md","Auric Code Health glossary","Code-health terms used in the Auric Code Health documentation.","VS Code extensions › Auric Artisan Studio › Auric Code Health","323","2026-09-25"
"vscode-extensions","vscode-extensions/auric-artisan-studio/code-health/others/limits-and-accuracy.md","Auric Code Health limits and accuracy","What Auric Code Health's checks can and cannot find, and how their accuracy was measured.","VS Code extensions › Auric Artisan Studio › Auric Code Health","288","2026-09-25"
"vscode-extensions","vscode-extensions/auric-artisan-studio/code-health/others/privacy.md","Auric Code Health privacy","What Auric Code Health stores and writes, how it protects secrets, and when it uses the network.","VS Code extensions › Auric Artisan Studio › Auric Code Health","228","2026-09-25"
"vscode-extensions","vscode-extensions/auric-artisan-studio/code-health/others/release-notes.md","Auric Code Health release notes","Auric Code Health's version history, taken from the Studio changelog.","VS Code extensions › Auric Artisan Studio › Auric Code Health","345","2026-09-25"
"vscode-extensions","vscode-extensions/auric-artisan-studio/code-health/others/related.md","Related to Auric Code Health","Extensions, Studio pages and standards related to Auric Code Health.","VS Code extensions › Auric Artisan Studio › Auric Code Health","118","2026-09-25"
"vscode-extensions","vscode-extensions/auric-artisan-studio/color/README.md","Auric Color — Picker, Palettes & Contrast","What Auric Color does, who it is for, how to install it, and a quick start from hover to fix.","VS Code extensions › Auric Artisan Studio › Auric Color","883","2026-09-25"
"vscode-extensions","vscode-extensions/auric-artisan-studio/color/docs/README.md","Auric Color docs","The guides and reference pages for Auric Color.","VS Code extensions › Auric Artisan Studio › Auric Color","233","2026-09-25"
"vscode-extensions","vscode-extensions/auric-artisan-studio/color/docs/getting-started.md","Getting started with Auric Color","Install Auric Color, read and edit your first colour, fix your first contrast problem, and find every place Auric Color shows up.","VS Code extensions › Auric Artisan Studio › Auric Color","731","2026-09-25"
"vscode-extensions","vscode-extensions/auric-artisan-studio/color/docs/brand-audit.md","The brand audit","Audit a brand's colour roles against real headings, body text, links and buttons, fix failing roles, export accessible tokens, and use the brand governance rulebook.","VS Code extensions › Auric Artisan Studio › Auric Color","943","2026-09-25"
"vscode-extensions","vscode-extensions/auric-artisan-studio/color/docs/color-picker.md","The colour pickers","Use Auric Color's three pickers (inline in the hover, the full panel beside the editor, and the docked sidebar view) to edit colours in your code.","VS Code extensions › Auric Artisan Studio › Auric Color","1089","2026-09-25"
"vscode-extensions","vscode-extensions/auric-artisan-studio/color/docs/colour-vision.md","Colour vision","Preview colours and your project palette under colour-vision deficiencies, and understand colour-vision risk and confusable hues.","VS Code extensions › Auric Artisan Studio › Auric Color","565","2026-09-25"
"vscode-extensions","vscode-extensions/auric-artisan-studio/color/docs/contrast-diagnostics.md","Contrast diagnostics","How Auric Color finds low-contrast text as you type, what its messages mean, and how to fix one pair or a whole file.","VS Code extensions › Auric Artisan Studio › Auric Color","1294","2026-09-25"
"vscode-extensions","vscode-extensions/auric-artisan-studio/color/docs/hover-and-swatches.md","Hover and swatches","Every part of Auric Color's colour hover and inline swatches, which colour formats are detected, and which languages are supported.","VS Code extensions › Auric Artisan Studio › Auric Color","1064","2026-09-25"
"vscode-extensions","vscode-extensions/auric-artisan-studio/color/docs/palettes-and-shades.md","Palettes and shades","Generate harmony palettes that meet a contrast target and perceptually even OKLCH shade scales, preview them, and export them as CSS, JSON or Tailwind.","VS Code extensions › Auric Artisan Studio › Auric Color","820","2026-09-25"
"vscode-extensions","vscode-extensions/auric-artisan-studio/color/docs/picker-modes.md","Picker modes","Choose between the Auric picker and VS Code's native colour picker, and learn exactly which VS Code settings each mode changes.","VS Code extensions › Auric Artisan Studio › Auric Color","877","2026-09-25"
"vscode-extensions","vscode-extensions/auric-artisan-studio/color/docs/reference.md","Auric Color reference","Every command, keybinding, setting, view, menu entry and theme colour Auric Color contributes.","VS Code extensions › Auric Artisan Studio › Auric Color","1200","2026-09-25"
"vscode-extensions","vscode-extensions/auric-artisan-studio/color/docs/troubleshooting.md","Auric Color troubleshooting","Symptoms, causes and fixes for Auric Color's hovers, swatches, pickers and contrast diagnostics.","VS Code extensions › Auric Artisan Studio › Auric Color","976","2026-09-25"
"vscode-extensions","vscode-extensions/auric-artisan-studio/color/docs/faq.md","Auric Color FAQ","Short answers about Auric Color.","VS Code extensions › Auric Artisan Studio › Auric Color","428","2026-09-25"
"vscode-extensions","vscode-extensions/auric-artisan-studio/color/others/README.md","Auric Color: other resources","Glossary, shortcuts, limits and accuracy, related pages, release notes and privacy for Auric Color.","VS Code extensions › Auric Artisan Studio › Auric Color","113","2026-09-25"
"vscode-extensions","vscode-extensions/auric-artisan-studio/color/others/shortcuts.md","Auric Color shortcuts","Auric Color's keyboard shortcuts, Command Palette titles and picker keys.","VS Code extensions › Auric Artisan Studio › Auric Color","303","2026-09-25"
"vscode-extensions","vscode-extensions/auric-artisan-studio/color/others/glossary.md","Auric Color glossary","Colour and contrast terms used in the Auric Color documentation.","VS Code extensions › Auric Artisan Studio › Auric Color","380","2026-09-25"
"vscode-extensions","vscode-extensions/auric-artisan-studio/color/others/limits-and-accuracy.md","Auric Color limits and accuracy","What Auric Color's colour engine and contrast checks measure, how accurate they are, and what they cannot see.","VS Code extensions › Auric Artisan Studio › Auric Color","291","2026-09-25"
"vscode-extensions","vscode-extensions/auric-artisan-studio/color/others/privacy.md","Auric Color privacy","What Auric Color stores, which settings it changes, and when it uses the network.","VS Code extensions › Auric Artisan Studio › Auric Color","182","2026-09-25"
"vscode-extensions","vscode-extensions/auric-artisan-studio/color/others/release-notes.md","Auric Color release notes","Auric Color's version history, taken from the Studio changelog.","VS Code extensions › Auric Artisan Studio › Auric Color","303","2026-09-25"
"vscode-extensions","vscode-extensions/auric-artisan-studio/color/others/related.md","Related to Auric Color","Extensions, Studio pages and website tools related to Auric Color.","VS Code extensions › Auric Artisan Studio › Auric Color","99","2026-09-25"
"vscode-extensions","vscode-extensions/auric-artisan-studio/full-pack/README.md","Auric Artisan Studio — Full Pack","What the Auric Artisan Studio Full Pack installs, who it is for, and how to get started with it.","VS Code extensions › Auric Artisan Studio › Full Pack","521","2026-09-25"
"vscode-extensions","vscode-extensions/auric-artisan-studio/full-pack/docs/README.md","Full Pack docs","The guides and reference pages for the Auric Artisan Studio Full Pack.","VS Code extensions › Auric Artisan Studio › Full Pack","118","2026-09-25"
"vscode-extensions","vscode-extensions/auric-artisan-studio/full-pack/docs/getting-started.md","Getting started with the Full Pack","Install the Auric Artisan Studio Full Pack, check what it installed, and find the Workstation it creates.","VS Code extensions › Auric Artisan Studio › Full Pack","380","2026-09-25"
"vscode-extensions","vscode-extensions/auric-artisan-studio/full-pack/docs/managing-members.md","Manage the pack's members","Enable, disable, update and uninstall the extensions the Full Pack installs, and see what the Workstation does in each case.","VS Code extensions › Auric Artisan Studio › Full Pack","475","2026-09-25"
"vscode-extensions","vscode-extensions/auric-artisan-studio/full-pack/docs/reference.md","Full Pack reference","The Auric Artisan Studio Full Pack's ID, members, version, requirements and Marketplace metadata.","VS Code extensions › Auric Artisan Studio › Full Pack","280","2026-09-25"
"vscode-extensions","vscode-extensions/auric-artisan-studio/full-pack/docs/troubleshooting.md","Full Pack troubleshooting","Problems with installing, updating or removing the Auric Artisan Studio Full Pack, and what to do.","VS Code extensions › Auric Artisan Studio › Full Pack","268","2026-09-25"
"vscode-extensions","vscode-extensions/auric-artisan-studio/full-pack/docs/faq.md","Full Pack FAQ","Short answers about the Auric Artisan Studio Full Pack.","VS Code extensions › Auric Artisan Studio › Full Pack","210","2026-09-25"
"vscode-extensions","vscode-extensions/auric-artisan-studio/full-pack/others/README.md","Full Pack: other resources","Glossary, related pages, release notes and privacy for the Auric Artisan Studio Full Pack.","VS Code extensions › Auric Artisan Studio › Full Pack","96","2026-09-25"
"vscode-extensions","vscode-extensions/auric-artisan-studio/full-pack/others/glossary.md","Full Pack glossary","Terms used in the Full Pack documentation.","VS Code extensions › Auric Artisan Studio › Full Pack","142","2026-09-25"
"vscode-extensions","vscode-extensions/auric-artisan-studio/full-pack/others/privacy.md","Full Pack privacy","What the Full Pack and its members do with your code and data.","VS Code extensions › Auric Artisan Studio › Full Pack","77","2026-09-25"
"vscode-extensions","vscode-extensions/auric-artisan-studio/full-pack/others/release-notes.md","Full Pack release notes","The version history of the Auric Artisan Studio Full Pack.","VS Code extensions › Auric Artisan Studio › Full Pack","105","2026-09-25"
"vscode-extensions","vscode-extensions/auric-artisan-studio/full-pack/others/related.md","Related to the Full Pack","The member extensions and Studio pages related to the Full Pack.","VS Code extensions › Auric Artisan Studio › Full Pack","87","2026-09-25"
"vscode-extensions","vscode-extensions/auric-artisan-studio/others/README.md","Other resources","The glossary, shortcuts, limits, related tools, release notes and privacy information for Auric Artisan Studio.","VS Code extensions › Auric Artisan Studio","162","2026-09-25"
"vscode-extensions","vscode-extensions/auric-artisan-studio/others/shortcuts.md","Shortcuts","Every keyboard shortcut, Command Palette title and in-Studio key for Auric Artisan Studio.","VS Code extensions › Auric Artisan Studio","665","2026-09-25"
"vscode-extensions","vscode-extensions/auric-artisan-studio/others/glossary.md","Glossary","Plain-language definitions of every term used in the Auric Artisan Studio documentation.","VS Code extensions › Auric Artisan Studio","1312","2026-09-25"
"vscode-extensions","vscode-extensions/auric-artisan-studio/others/limits-and-accuracy.md","Limits and accuracy","What the Studio's colour, contrast, accessibility and code-health checks measure, how they were checked for accuracy, and what they cannot tell you.","VS Code extensions › Auric Artisan Studio","1346","2026-09-25"
"vscode-extensions","vscode-extensions/auric-artisan-studio/others/privacy.md","Privacy","What Auric Artisan Studio does with your code and data, what it writes to disk, and when anything uses the network.","VS Code extensions › Auric Artisan Studio","490","2026-09-25"
"vscode-extensions","vscode-extensions/auric-artisan-studio/others/release-notes.md","Release notes","The version history of Auric Artisan Studio, taken from the changelog that ships with the extensions.","VS Code extensions › Auric Artisan Studio","1629","2026-09-25"
"vscode-extensions","vscode-extensions/auric-artisan-studio/others/related.md","Related","Other Auric Artisan extensions, website tools, articles and standards that work alongside Auric Artisan Studio.","VS Code extensions › Auric Artisan Studio","257","2026-09-25"
"vscode-extensions","vscode-extensions/auric-artisan-theme/README.md","Auric Artisan Theme","What the Auric Artisan Theme extension for VS Code is, who it is for, how to install it and where to find each guide.","VS Code extensions › Auric Artisan Theme","767","2026-09-25"
"vscode-extensions","vscode-extensions/auric-artisan-theme/docs/README.md","Auric Artisan Theme guides","Contents of the Auric Artisan Theme guides folder, with one line on each guide.","VS Code extensions › Auric Artisan Theme","227","2026-09-25"
"vscode-extensions","vscode-extensions/auric-artisan-theme/docs/getting-started.md","Getting started with Auric Artisan Theme","Install the theme, switch to an Auric variant, tour Theme Studio and make your first live customisation.","VS Code extensions › Auric Artisan Theme","827","2026-09-25"
"vscode-extensions","vscode-extensions/auric-artisan-theme/docs/check-contrast.md","Check contrast","Read the Audit tab and the plain-text contrast report, and control the contrast guard that keeps your theme readable.","VS Code extensions › Auric Artisan Theme","739","2026-09-25"
"vscode-extensions","vscode-extensions/auric-artisan-theme/docs/choose-a-theme.md","Choose a theme","The six surface families, 54 variants and two high-contrast builds, and every way to switch between them.","VS Code extensions › Auric Artisan Theme","567","2026-09-25"
"vscode-extensions","vscode-extensions/auric-artisan-theme/docs/compare-and-preview.md","Compare and preview","Use the Preview tab to compare the shipped palette with your current colours and copy the palette as CSS custom properties.","VS Code extensions › Auric Artisan Theme","289","2026-09-25"
"vscode-extensions","vscode-extensions/auric-artisan-theme/docs/edit-colours.md","Edit individual colours","Override any of the 107 colour slots on the Colours tab using the custom colour picker, and revert them.","VS Code extensions › Auric Artisan Theme","721","2026-09-25"
"vscode-extensions","vscode-extensions/auric-artisan-theme/docs/interface-language.md","Interface language (English and हिन्दी)","Switch Theme Studio and the Theme sidebar between English and Hindi, and understand what follows VS Code's own display language.","VS Code extensions › Auric Artisan Theme","338","2026-09-25"
"vscode-extensions","vscode-extensions/auric-artisan-theme/docs/looks-and-dials.md","Looks and dials","Start from one of 11 looks, then tune the 37 theme dials on the Dials tab, with search, filters and resets.","VS Code extensions › Auric Artisan Theme","1166","2026-09-25"
"vscode-extensions","vscode-extensions/auric-artisan-theme/docs/save-share-and-export.md","Save, share and export","Keep your customisation as named presets, move it between machines as JSON, and export a standalone VS Code colour theme file.","VS Code extensions › Auric Artisan Theme","742","2026-09-25"
"vscode-extensions","vscode-extensions/auric-artisan-theme/docs/theme-sidebar.md","The Theme sidebar","Every part of the Auric Theme view in the Activity Bar, from the variant galleries to the contrast status and title-bar actions.","VS Code extensions › Auric Artisan Theme","531","2026-09-25"
"vscode-extensions","vscode-extensions/auric-artisan-theme/docs/reference.md","Auric Artisan Theme reference","Every command, keybinding, setting, theme, look, accent, palette, colour slot and Theme Studio control in Auric Artisan Theme 0.2.0.","VS Code extensions › Auric Artisan Theme","3550","2026-09-25"
"vscode-extensions","vscode-extensions/auric-artisan-theme/docs/troubleshooting.md","Troubleshooting","Symptoms, causes and fixes for common problems with Auric Artisan Theme and Theme Studio.","VS Code extensions › Auric Artisan Theme","708","2026-09-25"
"vscode-extensions","vscode-extensions/auric-artisan-theme/docs/faq.md","Frequently asked questions","Short answers to common questions about Auric Artisan Theme and Theme Studio.","VS Code extensions › Auric Artisan Theme","395","2026-09-25"
"vscode-extensions","vscode-extensions/auric-artisan-theme/others/README.md","Auric Artisan Theme: other information","Contents of the supporting pages for Auric Artisan Theme: glossary, shortcuts, limits, related products, release notes and privacy.","VS Code extensions › Auric Artisan Theme","128","2026-09-25"
"vscode-extensions","vscode-extensions/auric-artisan-theme/others/shortcuts.md","Shortcuts and commands","Every keybinding, Theme Studio key and Command Palette command in Auric Artisan Theme.","VS Code extensions › Auric Artisan Theme","441","2026-09-25"
"vscode-extensions","vscode-extensions/auric-artisan-theme/others/glossary.md","Glossary","Definitions of the terms used in Auric Artisan Theme and Theme Studio.","VS Code extensions › Auric Artisan Theme","487","2026-09-25"
"vscode-extensions","vscode-extensions/auric-artisan-theme/others/limits-and-accuracy.md","Limits and accuracy","What the contrast audit measures, how precise it is, and what Auric Artisan Theme does not do.","VS Code extensions › Auric Artisan Theme","340","2026-09-25"
"vscode-extensions","vscode-extensions/auric-artisan-theme/others/privacy.md","Privacy","What Auric Artisan Theme stores, where it stores it and what, if anything, uses the network.","VS Code extensions › Auric Artisan Theme","258","2026-09-25"
"vscode-extensions","vscode-extensions/auric-artisan-theme/others/release-notes.md","Release notes","User-facing history of Auric Artisan Theme, from 0.1.0 to 0.2.0.","VS Code extensions › Auric Artisan Theme","318","2026-09-25"
"vscode-extensions","vscode-extensions/auric-artisan-theme/others/related.md","Related extensions and tools","Other Auric Artisan VS Code extensions, website tools and guides that work well with Auric Artisan Theme.","VS Code extensions › Auric Artisan Theme","215","2026-09-25"
"vscode-extensions","vscode-extensions/auric-artisan-file-icons/README.md","Auric Artisan File Icons","What the Auric Artisan File Icons extension is, who it is for, how to install it and where to find each guide.","VS Code extensions › Auric Artisan File Icons","635","2026-09-25"
"vscode-extensions","vscode-extensions/auric-artisan-file-icons/docs/README.md","Auric Artisan File Icons guides","Contents of the Auric Artisan File Icons guides folder, with one line on each guide.","VS Code extensions › Auric Artisan File Icons","193","2026-09-25"
"vscode-extensions","vscode-extensions/auric-artisan-file-icons/docs/getting-started.md","Getting started with Auric Artisan File Icons","Install File Icons, open File Icon Studio, tour its three tabs and activate a style in the Explorer.","VS Code extensions › Auric Artisan File Icons","446","2026-09-25"
"vscode-extensions","vscode-extensions/auric-artisan-file-icons/docs/assign-icons.md","Assign icons to files and folders","Give a file, folder, extension or pattern its own icon from the Explorer or in settings, and clear it again.","VS Code extensions › Auric Artisan File Icons","439","2026-09-25"
"vscode-extensions","vscode-extensions/auric-artisan-file-icons/docs/choose-a-style.md","Choose a style","Compare the Facet, Playful and Modern Explorer styles and switch between them.","VS Code extensions › Auric Artisan File Icons","443","2026-09-25"
"vscode-extensions","vscode-extensions/auric-artisan-file-icons/docs/customise-the-explorer.md","Customise the Explorer","Set file and folder colours, saturation, brightness, opacity, Explorer arrows and the Modern framework pack.","VS Code extensions › Auric Artisan File Icons","581","2026-09-25"
"vscode-extensions","vscode-extensions/auric-artisan-file-icons/docs/insert-icons-into-code.md","Insert icons into code","Insert or copy File Icons artwork as inline SVG, JSX, an HTML image or a CSS background from the Studio, a native picker or a code hover.","VS Code extensions › Auric Artisan File Icons","607","2026-09-25"
"vscode-extensions","vscode-extensions/auric-artisan-file-icons/docs/modern-and-legacy.md","Modern and older Playful settings","Use File Icons alongside Auric Icons: Modern, import Modern's file settings, and move from the old standalone Playful file icon extension.","VS Code extensions › Auric Artisan File Icons","405","2026-09-25"
"vscode-extensions","vscode-extensions/auric-artisan-file-icons/docs/profiles.md","Profiles","Apply a built-in icon profile, save your own, and move profiles between machines as JSON.","VS Code extensions › Auric Artisan File Icons","474","2026-09-25"
"vscode-extensions","vscode-extensions/auric-artisan-file-icons/docs/smart-detection.md","Smart detection","Content-aware badges, colours and explanations in the Explorer, the built-in rules, custom rules and workspace scans.","VS Code extensions › Auric Artisan File Icons","1508","2026-09-25"
"vscode-extensions","vscode-extensions/auric-artisan-file-icons/docs/reference.md","Auric Artisan File Icons reference","Every command, setting, menu, view, theme, colour and Studio control in Auric Artisan File Icons 0.1.1.","VS Code extensions › Auric Artisan File Icons","1576","2026-09-25"
"vscode-extensions","vscode-extensions/auric-artisan-file-icons/docs/troubleshooting.md","Troubleshooting","Symptoms, causes and fixes for common problems with Auric Artisan File Icons.","VS Code extensions › Auric Artisan File Icons","463","2026-09-25"
"vscode-extensions","vscode-extensions/auric-artisan-file-icons/docs/faq.md","Frequently asked questions","Short answers to common questions about Auric Artisan File Icons.","VS Code extensions › Auric Artisan File Icons","244","2026-09-25"
"vscode-extensions","vscode-extensions/auric-artisan-file-icons/others/README.md","Auric Artisan File Icons: other information","Contents of the supporting pages for Auric Artisan File Icons.","VS Code extensions › Auric Artisan File Icons","114","2026-09-25"
"vscode-extensions","vscode-extensions/auric-artisan-file-icons/others/shortcuts.md","Shortcuts and commands","Commands, context menus and in-Studio keys in Auric Artisan File Icons.","VS Code extensions › Auric Artisan File Icons","271","2026-09-25"
"vscode-extensions","vscode-extensions/auric-artisan-file-icons/others/glossary.md","Glossary","Definitions of the terms used in Auric Artisan File Icons.","VS Code extensions › Auric Artisan File Icons","289","2026-09-25"
"vscode-extensions","vscode-extensions/auric-artisan-file-icons/others/limits-and-accuracy.md","Limits and accuracy","What the File Icons themes, smart detection and code output can and cannot do.","VS Code extensions › Auric Artisan File Icons","236","2026-09-25"
"vscode-extensions","vscode-extensions/auric-artisan-file-icons/others/privacy.md","Privacy","What Auric Artisan File Icons reads, stores and writes, and confirmation that it has no telemetry.","VS Code extensions › Auric Artisan File Icons","216","2026-09-25"
"vscode-extensions","vscode-extensions/auric-artisan-file-icons/others/release-notes.md","Release notes","User-facing history of Auric Artisan File Icons.","VS Code extensions › Auric Artisan File Icons","358","2026-09-25"
"vscode-extensions","vscode-extensions/auric-artisan-file-icons/others/related.md","Related extensions and comparison","How File Icons compares with Icon Studio, Icon Hub, the Auric icon collections, Emoji and the Icon Pack.","VS Code extensions › Auric Artisan File Icons","374","2026-09-25"
"vscode-extensions","vscode-extensions/auric-artisan-icon-pack/README.md","Auric Artisan Icon Pack","What the Auric Artisan Icon Pack is, what it installs, how to get it and where to find each guide.","VS Code extensions › Auric Artisan Icon Pack","342","2026-09-25"
"vscode-extensions","vscode-extensions/auric-artisan-icon-pack/docs/README.md","Auric Artisan Icon Pack guides","Contents of the Auric Artisan Icon Pack guides folder.","VS Code extensions › Auric Artisan Icon Pack","97","2026-09-25"
"vscode-extensions","vscode-extensions/auric-artisan-icon-pack/docs/getting-started.md","Getting started with the Icon Pack","Install the Icon Pack, confirm its four member extensions and start using them.","VS Code extensions › Auric Artisan Icon Pack","272","2026-09-25"
"vscode-extensions","vscode-extensions/auric-artisan-icon-pack/docs/reference.md","Icon Pack reference","The extensions included in Auric Artisan Icon Pack 0.1.0, its requirements and what it does and does not contain.","VS Code extensions › Auric Artisan Icon Pack","329","2026-09-25"
"vscode-extensions","vscode-extensions/auric-artisan-icon-pack/docs/troubleshooting.md","Troubleshooting","What to do when a pack member did not install, or when using alternative marketplaces or local builds.","VS Code extensions › Auric Artisan Icon Pack","281","2026-09-25"
"vscode-extensions","vscode-extensions/auric-artisan-icon-pack/docs/faq.md","Frequently asked questions","Short answers to common questions about Auric Artisan Icon Pack.","VS Code extensions › Auric Artisan Icon Pack","126","2026-09-25"
"vscode-extensions","vscode-extensions/auric-artisan-icon-pack/others/README.md","Icon Pack: other information","Contents of the supporting pages for Auric Artisan Icon Pack.","VS Code extensions › Auric Artisan Icon Pack","93","2026-09-25"
"vscode-extensions","vscode-extensions/auric-artisan-icon-pack/others/glossary.md","Glossary","Terms used in the Auric Artisan Icon Pack documentation.","VS Code extensions › Auric Artisan Icon Pack","107","2026-09-25"
"vscode-extensions","vscode-extensions/auric-artisan-icon-pack/others/limits-and-accuracy.md","Limits and accuracy","What the Auric Artisan Icon Pack is and what it does not do.","VS Code extensions › Auric Artisan Icon Pack","79","2026-09-25"
"vscode-extensions","vscode-extensions/auric-artisan-icon-pack/others/privacy.md","Privacy","What the Auric Artisan Icon Pack does with your data.","VS Code extensions › Auric Artisan Icon Pack","68","2026-09-25"
"vscode-extensions","vscode-extensions/auric-artisan-icon-pack/others/release-notes.md","Release notes","User-facing history of Auric Artisan Icon Pack.","VS Code extensions › Auric Artisan Icon Pack","79","2026-09-25"
"vscode-extensions","vscode-extensions/auric-artisan-icon-pack/others/related.md","Related extensions and comparison","How the Icon Pack's members compare with Icon Studio, Icon Hub and File Icons.","VS Code extensions › Auric Artisan Icon Pack","252","2026-09-25"
"vscode-extensions","vscode-extensions/auric-icons-modern/README.md","Auric Icons: Modern","What the Auric Icons: Modern extension is, who it is for, how to install it and where to find each guide.","VS Code extensions › Auric Icons: Modern","615","2026-09-25"
"vscode-extensions","vscode-extensions/auric-icons-modern/docs/README.md","Auric Icons: Modern guides","Contents of the Auric Icons: Modern guides folder, with one line on each guide.","VS Code extensions › Auric Icons: Modern","160","2026-09-25"
"vscode-extensions","vscode-extensions/auric-icons-modern/docs/getting-started.md","Getting started with Auric Icons: Modern","Install Auric Icons: Modern, turn on its file icon theme, open the Icon Library and insert your first icon.","VS Code extensions › Auric Icons: Modern","382","2026-09-25"
"vscode-extensions","vscode-extensions/auric-icons-modern/docs/file-icon-theme.md","Use the file icon theme","Activate the Modern Explorer icon theme and set folder colour, framework packs, saturation, opacity, arrows, custom associations and workspace detection.","VS Code extensions › Auric Icons: Modern","870","2026-09-25"
"vscode-extensions","vscode-extensions/auric-icons-modern/docs/icon-library.md","Browse the Icon Library","Search the 720-icon Modern library, filter by category, style and library, switch variants and preview surfaces, and use the smart guide and recommendations.","VS Code extensions › Auric Icons: Modern","827","2026-09-25"
"vscode-extensions","vscode-extensions/auric-icons-modern/docs/insert-copy-and-save.md","Insert, copy and save icons","Insert Modern icons with language-aware output, copy them in nine formats, save SVG files, open the source and preview icon IDs on hover.","VS Code extensions › Auric Icons: Modern","790","2026-09-25"
"vscode-extensions","vscode-extensions/auric-icons-modern/docs/merged-icon-studio.md","The merged Icon Studio","How Auric Icons: Modern, Drawn and Playful merge into one Icon Studio library when co-installed, and how Auric Artisan Icon Studio takes over hosting.","VS Code extensions › Auric Icons: Modern","528","2026-09-25"
"vscode-extensions","vscode-extensions/auric-icons-modern/docs/reference.md","Auric Icons: Modern reference","Every command, keybinding, setting, view, icon ID, pack, category and library control in Auric Icons: Modern 0.12.1.","VS Code extensions › Auric Icons: Modern","1753","2026-09-25"
"vscode-extensions","vscode-extensions/auric-icons-modern/docs/troubleshooting.md","Troubleshooting","Symptoms, causes and fixes for common problems with the Modern file icon theme and Icon Library.","VS Code extensions › Auric Icons: Modern","634","2026-09-25"
"vscode-extensions","vscode-extensions/auric-icons-modern/docs/faq.md","Frequently asked questions","Short answers to common questions about Auric Icons: Modern.","VS Code extensions › Auric Icons: Modern","264","2026-09-25"
"vscode-extensions","vscode-extensions/auric-icons-modern/others/README.md","Auric Icons: Modern: other information","Contents of the supporting pages for Auric Icons: Modern.","VS Code extensions › Auric Icons: Modern","121","2026-09-25"
"vscode-extensions","vscode-extensions/auric-icons-modern/others/shortcuts.md","Shortcuts and commands","Keybindings, in-view keys and every command in Auric Icons: Modern.","VS Code extensions › Auric Icons: Modern","308","2026-09-25"
"vscode-extensions","vscode-extensions/auric-icons-modern/others/glossary.md","Glossary","Definitions of the terms used in Auric Icons: Modern.","VS Code extensions › Auric Icons: Modern","350","2026-09-25"
"vscode-extensions","vscode-extensions/auric-icons-modern/others/limits-and-accuracy.md","Limits and accuracy","What the Modern file icon theme and Icon Library can and cannot do.","VS Code extensions › Auric Icons: Modern","253","2026-09-25"
"vscode-extensions","vscode-extensions/auric-icons-modern/others/privacy.md","Privacy","What Auric Icons: Modern stores, where, and confirmation that it makes no network requests.","VS Code extensions › Auric Icons: Modern","235","2026-09-25"
"vscode-extensions","vscode-extensions/auric-icons-modern/others/release-notes.md","Release notes","User-facing history of Auric Icons: Modern, from its first release to 0.12.1.","VS Code extensions › Auric Icons: Modern","421","2026-09-25"
"vscode-extensions","vscode-extensions/auric-icons-modern/others/related.md","Related extensions and comparison","How Auric Icons: Modern compares with Drawn, Playful, Icon Studio, Icon Hub, File Icons, Emoji and the Icon Pack.","VS Code extensions › Auric Icons: Modern","436","2026-09-25"
"vscode-extensions","vscode-extensions/auric-icons-drawn/README.md","Auric Icons: Drawn","What the Auric Icons: Drawn extension is, who it is for, how to install it and where to find each guide.","VS Code extensions › Auric Icons: Drawn","517","2026-09-25"
"vscode-extensions","vscode-extensions/auric-icons-drawn/docs/README.md","Auric Icons: Drawn guides","Contents of the Auric Icons: Drawn guides folder, with one line on each guide.","VS Code extensions › Auric Icons: Drawn","126","2026-09-25"
"vscode-extensions","vscode-extensions/auric-icons-drawn/docs/getting-started.md","Getting started with Auric Icons: Drawn","Install Auric Icons: Drawn, open the Icon Library and insert your first hand-drawn icon.","VS Code extensions › Auric Icons: Drawn","335","2026-09-25"
"vscode-extensions","vscode-extensions/auric-icons-drawn/docs/icon-library.md","Browse the Icon Library","Search the 480 Warm Drawn icons, filter by category, switch variants and preview surfaces, and use the smart guide and recommendations.","VS Code extensions › Auric Icons: Drawn","678","2026-09-25"
"vscode-extensions","vscode-extensions/auric-icons-drawn/docs/insert-copy-and-save.md","Insert, copy and save icons","Insert Drawn icons with language-aware output, copy them in nine formats, save SVG files, open the source and preview icon IDs on hover.","VS Code extensions › Auric Icons: Drawn","601","2026-09-25"
"vscode-extensions","vscode-extensions/auric-icons-drawn/docs/merged-icon-studio.md","Use Drawn with Modern and Playful","How Drawn merges with Auric Icons: Modern and Playful into one library, and how Auric Artisan Icon Studio takes over hosting.","VS Code extensions › Auric Icons: Drawn","326","2026-09-25"
"vscode-extensions","vscode-extensions/auric-icons-drawn/docs/reference.md","Auric Icons: Drawn reference","Every command, keybinding, setting, view, category and library control in Auric Icons: Drawn 0.12.1.","VS Code extensions › Auric Icons: Drawn","845","2026-09-25"
"vscode-extensions","vscode-extensions/auric-icons-drawn/docs/troubleshooting.md","Troubleshooting","Symptoms, causes and fixes for common problems with Auric Icons: Drawn.","VS Code extensions › Auric Icons: Drawn","304","2026-09-25"
"vscode-extensions","vscode-extensions/auric-icons-drawn/docs/faq.md","Frequently asked questions","Short answers to common questions about Auric Icons: Drawn.","VS Code extensions › Auric Icons: Drawn","178","2026-09-25"
"vscode-extensions","vscode-extensions/auric-icons-drawn/others/README.md","Auric Icons: Drawn: other information","Contents of the supporting pages for Auric Icons: Drawn.","VS Code extensions › Auric Icons: Drawn","108","2026-09-25"
"vscode-extensions","vscode-extensions/auric-icons-drawn/others/shortcuts.md","Shortcuts and commands","Keybindings, in-view keys and every command in Auric Icons: Drawn.","VS Code extensions › Auric Icons: Drawn","181","2026-09-25"
"vscode-extensions","vscode-extensions/auric-icons-drawn/others/glossary.md","Glossary","Definitions of the terms used in Auric Icons: Drawn.","VS Code extensions › Auric Icons: Drawn","214","2026-09-25"
"vscode-extensions","vscode-extensions/auric-icons-drawn/others/limits-and-accuracy.md","Limits and accuracy","What Auric Icons: Drawn can and cannot do.","VS Code extensions › Auric Icons: Drawn","137","2026-09-25"
"vscode-extensions","vscode-extensions/auric-icons-drawn/others/privacy.md","Privacy","What Auric Icons: Drawn stores, where, and confirmation that it makes no network requests.","VS Code extensions › Auric Icons: Drawn","139","2026-09-25"
"vscode-extensions","vscode-extensions/auric-icons-drawn/others/release-notes.md","Release notes","User-facing history of Auric Icons: Drawn.","VS Code extensions › Auric Icons: Drawn","220","2026-09-25"
"vscode-extensions","vscode-extensions/auric-icons-drawn/others/related.md","Related extensions and comparison","How Auric Icons: Drawn compares with Modern, Playful, Icon Studio, Icon Hub, File Icons, Emoji and the Icon Pack.","VS Code extensions › Auric Icons: Drawn","309","2026-09-25"
"vscode-extensions","vscode-extensions/auric-icons-playful/README.md","Auric Icons: Playful","What the Auric Icons: Playful extension is, who it is for, how to install it and where to find each guide.","VS Code extensions › Auric Icons: Playful","506","2026-09-25"
"vscode-extensions","vscode-extensions/auric-icons-playful/docs/README.md","Auric Icons: Playful guides","Contents of the Auric Icons: Playful guides folder, with one line on each guide.","VS Code extensions › Auric Icons: Playful","128","2026-09-25"
"vscode-extensions","vscode-extensions/auric-icons-playful/docs/getting-started.md","Getting started with Auric Icons: Playful","Install Auric Icons: Playful, open the Icon Library and insert your first emoji-style icon.","VS Code extensions › Auric Icons: Playful","321","2026-09-25"
"vscode-extensions","vscode-extensions/auric-icons-playful/docs/icon-library.md","Browse the Icon Library","Search the 1,225 Playful icons, filter by category, switch between Color, Outline, Filled and Small, and use previews, the smart guide and recommendations.","VS Code extensions › Auric Icons: Playful","673","2026-09-25"
"vscode-extensions","vscode-extensions/auric-icons-playful/docs/insert-copy-and-save.md","Insert, copy and save icons","Insert Playful icons with language-aware output, copy them in nine formats, save SVG files, open the source and preview icon IDs on hover.","VS Code extensions › Auric Icons: Playful","587","2026-09-25"
"vscode-extensions","vscode-extensions/auric-icons-playful/docs/merged-icon-studio.md","Use Playful with Modern and Drawn","How Playful merges with Auric Icons: Modern and Drawn into one library, and how Auric Artisan Icon Studio takes over hosting.","VS Code extensions › Auric Icons: Playful","281","2026-09-25"
"vscode-extensions","vscode-extensions/auric-icons-playful/docs/reference.md","Auric Icons: Playful reference","Every command, keybinding, setting, view, category and library control in Auric Icons: Playful 0.12.1.","VS Code extensions › Auric Icons: Playful","792","2026-09-25"
"vscode-extensions","vscode-extensions/auric-icons-playful/docs/troubleshooting.md","Troubleshooting","Symptoms, causes and fixes for common problems with Auric Icons: Playful.","VS Code extensions › Auric Icons: Playful","329","2026-09-25"
"vscode-extensions","vscode-extensions/auric-icons-playful/docs/faq.md","Frequently asked questions","Short answers to common questions about Auric Icons: Playful.","VS Code extensions › Auric Icons: Playful","215","2026-09-25"
"vscode-extensions","vscode-extensions/auric-icons-playful/others/README.md","Auric Icons: Playful: other information","Contents of the supporting pages for Auric Icons: Playful.","VS Code extensions › Auric Icons: Playful","108","2026-09-25"
"vscode-extensions","vscode-extensions/auric-icons-playful/others/shortcuts.md","Shortcuts and commands","Keybindings, in-view keys and every command in Auric Icons: Playful.","VS Code extensions › Auric Icons: Playful","181","2026-09-25"
"vscode-extensions","vscode-extensions/auric-icons-playful/others/glossary.md","Glossary","Definitions of the terms used in Auric Icons: Playful.","VS Code extensions › Auric Icons: Playful","230","2026-09-25"
"vscode-extensions","vscode-extensions/auric-icons-playful/others/limits-and-accuracy.md","Limits and accuracy","What Auric Icons: Playful can and cannot do.","VS Code extensions › Auric Icons: Playful","155","2026-09-25"
"vscode-extensions","vscode-extensions/auric-icons-playful/others/privacy.md","Privacy","What Auric Icons: Playful stores, where, and confirmation that it makes no network requests.","VS Code extensions › Auric Icons: Playful","139","2026-09-25"
"vscode-extensions","vscode-extensions/auric-icons-playful/others/release-notes.md","Release notes","User-facing history of Auric Icons: Playful.","VS Code extensions › Auric Icons: Playful","212","2026-09-25"
"vscode-extensions","vscode-extensions/auric-icons-playful/others/related.md","Related extensions and comparison","How Auric Icons: Playful compares with Modern, Drawn, Icon Studio, Icon Hub, File Icons, Emoji and the Icon Pack.","VS Code extensions › Auric Icons: Playful","353","2026-09-25"
"vscode-extensions","vscode-extensions/auric-artisan-emoji/README.md","Auric Artisan Emoji","What the Auric Artisan Emoji extension is, who it is for, how to install it and where to find each guide.","VS Code extensions › Auric Artisan Emoji","559","2026-09-25"
"vscode-extensions","vscode-extensions/auric-artisan-emoji/docs/README.md","Auric Artisan Emoji guides","Contents of the Auric Artisan Emoji guides folder, with one line on each guide.","VS Code extensions › Auric Artisan Emoji","162","2026-09-25"
"vscode-extensions","vscode-extensions/auric-artisan-emoji/docs/getting-started.md","Getting started with Auric Artisan Emoji","Install Auric Artisan Emoji, insert a first emoji, open Emoji Studio and tour its screen.","VS Code extensions › Auric Artisan Emoji","453","2026-09-25"
"vscode-extensions","vscode-extensions/auric-artisan-emoji/docs/emoji-studio.md","Use Emoji Studio","Search, browse and insert with Emoji Studio: views, categories, skin tones, quick filters, layouts, cards, suggestions and the Workspace overview.","VS Code extensions › Auric Artisan Emoji","740","2026-09-25"
"vscode-extensions","vscode-extensions/auric-artisan-emoji/docs/insert-from-the-editor.md","Insert from the editor","Insert emoji without opening the Studio, using Quick Insert, shortcode completions, code hovers, shortcode replacement and the recent and favorite pickers.","VS Code extensions › Auric Artisan Emoji","429","2026-09-25"
"vscode-extensions","vscode-extensions/auric-artisan-emoji/docs/inspector-tones-and-formats.md","Inspector, skin tones and output formats","Inspect an emoji, preview and set skin tones, and choose among the six output formats.","VS Code extensions › Auric Artisan Emoji","463","2026-09-25"
"vscode-extensions","vscode-extensions/auric-artisan-emoji/docs/interface-language.md","Interface language (English and हिन्दी)","Show Emoji Studio in English or Hindi and search with Hindi words.","VS Code extensions › Auric Artisan Emoji","196","2026-09-25"
"vscode-extensions","vscode-extensions/auric-artisan-emoji/docs/sequences.md","Compose a sequence","Collect up to 50 emoji in Emoji Studio and insert or copy them together.","VS Code extensions › Auric Artisan Emoji","243","2026-09-25"
"vscode-extensions","vscode-extensions/auric-artisan-emoji/docs/reference.md","Auric Artisan Emoji reference","Every command, keybinding, setting, key, view, category, format and message in Auric Artisan Emoji 0.2.0.","VS Code extensions › Auric Artisan Emoji","1002","2026-09-25"
"vscode-extensions","vscode-extensions/auric-artisan-emoji/docs/troubleshooting.md","Troubleshooting","Symptoms, causes and fixes for common problems with Auric Artisan Emoji.","VS Code extensions › Auric Artisan Emoji","338","2026-09-25"
"vscode-extensions","vscode-extensions/auric-artisan-emoji/docs/faq.md","Frequently asked questions","Short answers to common questions about Auric Artisan Emoji.","VS Code extensions › Auric Artisan Emoji","186","2026-09-25"
"vscode-extensions","vscode-extensions/auric-artisan-emoji/others/README.md","Auric Artisan Emoji: other information","Contents of the supporting pages for Auric Artisan Emoji.","VS Code extensions › Auric Artisan Emoji","101","2026-09-25"
"vscode-extensions","vscode-extensions/auric-artisan-emoji/others/shortcuts.md","Shortcuts and commands","Keybindings, Emoji Studio keys and every command in Auric Artisan Emoji.","VS Code extensions › Auric Artisan Emoji","200","2026-09-25"
"vscode-extensions","vscode-extensions/auric-artisan-emoji/others/glossary.md","Glossary","Definitions of the terms used in Auric Artisan Emoji.","VS Code extensions › Auric Artisan Emoji","193","2026-09-25"
"vscode-extensions","vscode-extensions/auric-artisan-emoji/others/limits-and-accuracy.md","Limits and accuracy","What Auric Artisan Emoji can and cannot do.","VS Code extensions › Auric Artisan Emoji","146","2026-09-25"
"vscode-extensions","vscode-extensions/auric-artisan-emoji/others/privacy.md","Privacy","What Auric Artisan Emoji stores, where, and confirmation that it makes no network requests.","VS Code extensions › Auric Artisan Emoji","176","2026-09-25"
"vscode-extensions","vscode-extensions/auric-artisan-emoji/others/release-notes.md","Release notes","User-facing history of Auric Artisan Emoji.","VS Code extensions › Auric Artisan Emoji","409","2026-09-25"
"vscode-extensions","vscode-extensions/auric-artisan-emoji/others/related.md","Related extensions and comparison","How Auric Artisan Emoji compares with Icon Studio, the Auric icon collections and other Auric extensions.","VS Code extensions › Auric Artisan Emoji","170","2026-09-25"
"vscode-extensions","vscode-extensions/auric-artisan-icon-studio/README.md","Auric Artisan Icon Studio","What Auric Artisan Icon Studio is, who it is for, how to install it and where to find each guide.","VS Code extensions › Auric Artisan Icon Studio","632","2026-09-25"
"vscode-extensions","vscode-extensions/auric-artisan-icon-studio/docs/README.md","Icon Studio guides","Contents of the Icon Studio guides folder, with one line on each guide.","VS Code extensions › Auric Artisan Icon Studio","160","2026-09-25"
"vscode-extensions","vscode-extensions/auric-artisan-icon-studio/docs/getting-started.md","Getting started with Icon Studio","Install Icon Studio, open it in the sidebar or an editor tab, tour the screen and insert your first icon.","VS Code extensions › Auric Artisan Icon Studio","540","2026-09-25"
"vscode-extensions","vscode-extensions/auric-artisan-icon-studio/docs/auric-collections.md","Work with the Auric collection extensions","How Icon Studio, Auric Icons: Modern, Drawn and Playful share one library interface, and how to keep their separate views if you prefer.","VS Code extensions › Auric Artisan Icon Studio","436","2026-09-25"
"vscode-extensions","vscode-extensions/auric-artisan-icon-studio/docs/commands-and-keybindings.md","Commands and keybindings","Use Icon Studio from the Command Palette and keyboard, including Quick Pick insertion and a fixed icon bound to a key.","VS Code extensions › Auric Artisan Icon Studio","549","2026-09-25"
"vscode-extensions","vscode-extensions/auric-artisan-icon-studio/docs/insert-copy-and-save.md","Insert, copy and save","Insert icons with smart, language-aware output, copy them in an explicit format, save SVG files and preview Auric icon IDs on hover.","VS Code extensions › Auric Artisan Icon Studio","865","2026-09-25"
"vscode-extensions","vscode-extensions/auric-artisan-icon-studio/docs/search-and-browse.md","Search and browse","Search 17,234 entries, switch between Library, For you, Likes and Recent, and refine by collection, category, style and skin tone.","VS Code extensions › Auric Artisan Icon Studio","650","2026-09-25"
"vscode-extensions","vscode-extensions/auric-artisan-icon-studio/docs/reference.md","Icon Studio reference","Every command, keybinding, setting, collection, style, output format, view and control in Auric Artisan Icon Studio 0.1.0.","VS Code extensions › Auric Artisan Icon Studio","1626","2026-09-25"
"vscode-extensions","vscode-extensions/auric-artisan-icon-studio/docs/troubleshooting.md","Troubleshooting","Symptoms, causes and fixes for common problems with Auric Artisan Icon Studio.","VS Code extensions › Auric Artisan Icon Studio","524","2026-09-25"
"vscode-extensions","vscode-extensions/auric-artisan-icon-studio/docs/faq.md","Frequently asked questions","Short answers to common questions about Auric Artisan Icon Studio.","VS Code extensions › Auric Artisan Icon Studio","279","2026-09-25"
"vscode-extensions","vscode-extensions/auric-artisan-icon-studio/others/README.md","Icon Studio: other information","Contents of the supporting pages for Icon Studio: glossary, shortcuts, limits, comparison, release notes and privacy.","VS Code extensions › Auric Artisan Icon Studio","124","2026-09-25"
"vscode-extensions","vscode-extensions/auric-artisan-icon-studio/others/shortcuts.md","Shortcuts and commands","Keybindings, keys inside the Studio and every Command Palette command in Auric Artisan Icon Studio.","VS Code extensions › Auric Artisan Icon Studio","297","2026-09-25"
"vscode-extensions","vscode-extensions/auric-artisan-icon-studio/others/glossary.md","Glossary","Definitions of the terms used in Auric Artisan Icon Studio.","VS Code extensions › Auric Artisan Icon Studio","327","2026-09-25"
"vscode-extensions","vscode-extensions/auric-artisan-icon-studio/others/limits-and-accuracy.md","Limits and accuracy","What Icon Studio's search, recommendations and smart insert can and cannot do.","VS Code extensions › Auric Artisan Icon Studio","292","2026-09-25"
"vscode-extensions","vscode-extensions/auric-artisan-icon-studio/others/privacy.md","Privacy","What Icon Studio stores, where, and confirmation that it makes no network requests.","VS Code extensions › Auric Artisan Icon Studio","209","2026-09-25"
"vscode-extensions","vscode-extensions/auric-artisan-icon-studio/others/release-notes.md","Release notes","User-facing history of Auric Artisan Icon Studio.","VS Code extensions › Auric Artisan Icon Studio","275","2026-09-25"
"vscode-extensions","vscode-extensions/auric-artisan-icon-studio/others/related.md","Related extensions and comparison","How Icon Studio compares with Icon Hub, the Auric icon collections, File Icons, Emoji and the Icon Pack, and which to install for each job.","VS Code extensions › Auric Artisan Icon Studio","677","2026-09-25"
"vscode-extensions","vscode-extensions/auric-artisan-icon-hub/README.md","Auric Artisan Icon Hub","What the Auric Artisan Icon Hub extension is, who it is for, how to install it and where to find each guide.","VS Code extensions › Auric Artisan Icon Hub","566","2026-09-25"
"vscode-extensions","vscode-extensions/auric-artisan-icon-hub/docs/README.md","Icon Hub guides","Contents of the Icon Hub guides folder, with one line on each guide.","VS Code extensions › Auric Artisan Icon Hub","158","2026-09-25"
"vscode-extensions","vscode-extensions/auric-artisan-icon-hub/docs/getting-started.md","Getting started with Icon Hub","Install Icon Hub, open it in the sidebar or a full panel, tour the screen and insert your first icon.","VS Code extensions › Auric Artisan Icon Hub","412","2026-09-25"
"vscode-extensions","vscode-extensions/auric-artisan-icon-hub/docs/browse-and-refine.md","Browse and refine","Search Icon Hub, switch between Library, Favorites, Recent and Selected, refine by set, style, category and licence, and use the Smart Finder.","VS Code extensions › Auric Artisan Icon Hub","554","2026-09-25"
"vscode-extensions","vscode-extensions/auric-artisan-icon-hub/docs/catalog-updates.md","Catalog metadata updates","How Icon Hub checks icons.auricartisan.com for updated catalog metadata, how to refresh manually, and how to turn checks off.","VS Code extensions › Auric Artisan Icon Hub","319","2026-09-25"
"vscode-extensions","vscode-extensions/auric-artisan-icon-hub/docs/cdn-insertion.md","Connect the icon CDN","How Icon Hub's Insert connects your HTML and web-framework files to the Auric icon CDN, what file it creates, and what your site needs.","VS Code extensions › Auric Artisan Icon Hub","706","2026-09-25"
"vscode-extensions","vscode-extensions/auric-artisan-icon-hub/docs/collect-and-export.md","Collect and export","Build a selection of icons in Icon Hub and export it as an SVG sprite or a ZIP with licence notices.","VS Code extensions › Auric Artisan Icon Hub","238","2026-09-25"
"vscode-extensions","vscode-extensions/auric-artisan-icon-hub/docs/insert-copy-and-save.md","Insert, copy and save","How Icon Hub's Insert adapts to your file, the inspector and its formats, Quick Search and the Command Palette, and saving icons to files.","VS Code extensions › Auric Artisan Icon Hub","666","2026-09-25"
"vscode-extensions","vscode-extensions/auric-artisan-icon-hub/docs/shape-the-output.md","Shape the output","Set icon size, colour and stroke width in Icon Hub, and use the custom colour picker with contrast tools.","VS Code extensions › Auric Artisan Icon Hub","231","2026-09-25"
"vscode-extensions","vscode-extensions/auric-artisan-icon-hub/docs/reference.md","Icon Hub reference","Every command, keybinding, setting, view, collection, format and message in Auric Artisan Icon Hub 0.1.0.","VS Code extensions › Auric Artisan Icon Hub","1227","2026-09-25"
"vscode-extensions","vscode-extensions/auric-artisan-icon-hub/docs/troubleshooting.md","Troubleshooting","Symptoms, causes and fixes for common problems with Auric Artisan Icon Hub.","VS Code extensions › Auric Artisan Icon Hub","476","2026-09-25"
"vscode-extensions","vscode-extensions/auric-artisan-icon-hub/docs/faq.md","Frequently asked questions","Short answers to common questions about Auric Artisan Icon Hub.","VS Code extensions › Auric Artisan Icon Hub","235","2026-09-25"
"vscode-extensions","vscode-extensions/auric-artisan-icon-hub/others/README.md","Icon Hub: other information","Contents of the supporting pages for Auric Artisan Icon Hub.","VS Code extensions › Auric Artisan Icon Hub","109","2026-09-25"
"vscode-extensions","vscode-extensions/auric-artisan-icon-hub/others/shortcuts.md","Shortcuts and commands","Keybindings, keys inside the Hub and every command in Auric Artisan Icon Hub.","VS Code extensions › Auric Artisan Icon Hub","180","2026-09-25"
"vscode-extensions","vscode-extensions/auric-artisan-icon-hub/others/glossary.md","Glossary","Definitions of the terms used in Auric Artisan Icon Hub.","VS Code extensions › Auric Artisan Icon Hub","211","2026-09-25"
"vscode-extensions","vscode-extensions/auric-artisan-icon-hub/others/limits-and-accuracy.md","Limits and accuracy","What Auric Artisan Icon Hub can and cannot do.","VS Code extensions › Auric Artisan Icon Hub","252","2026-09-25"
"vscode-extensions","vscode-extensions/auric-artisan-icon-hub/others/privacy.md","Privacy","What Icon Hub stores, exactly what uses the network, and what is never sent.","VS Code extensions › Auric Artisan Icon Hub","281","2026-09-25"
"vscode-extensions","vscode-extensions/auric-artisan-icon-hub/others/release-notes.md","Release notes","User-facing history of Auric Artisan Icon Hub.","VS Code extensions › Auric Artisan Icon Hub","300","2026-09-25"
"vscode-extensions","vscode-extensions/auric-artisan-icon-hub/others/related.md","Related extensions and comparison","How Icon Hub compares with Icon Studio, the Auric icon collections, File Icons, Emoji and the Icon Pack.","VS Code extensions › Auric Artisan Icon Hub","389","2026-09-25"
"vscode-extensions","vscode-extensions/auric-artisan-live/README.md","Auric Artisan Live","What Auric Artisan Live does, who it is for, how to install it and where to find every guide.","VS Code extensions › Auric Artisan Live","819","2026-09-25"
"vscode-extensions","vscode-extensions/auric-artisan-live/docs/README.md","Auric Artisan Live guides","Contents of the Auric Artisan Live task guides and reference.","VS Code extensions › Auric Artisan Live","248","2026-09-25"
"vscode-extensions","vscode-extensions/auric-artisan-live/docs/getting-started.md","Getting started with Auric Artisan Live","Install Auric Artisan Live, learn where each control lives, and run a first live-reload session.","VS Code extensions › Auric Artisan Live","1190","2026-09-25"
"vscode-extensions","vscode-extensions/auric-artisan-live/docs/api-proxy-and-mocks.md","Proxy an API, mock endpoints and a REST database","Forward API paths to a backend, answer endpoints that do not exist yet, and serve a full REST API from a JSON file with Auric Live.","VS Code extensions › Auric Artisan Live","1616","2026-09-25"
"vscode-extensions","vscode-extensions/auric-artisan-live/docs/browser-dashboard.md","Use the in-page browser dashboard","Open the Auric Live developer dashboard over a served page to see page health, network delivery, server state, storage, environment, requests and console messages.","VS Code extensions › Auric Artisan Live","1014","2026-09-25"
"vscode-extensions","vscode-extensions/auric-artisan-live/docs/https-and-certificates.md","Serve over HTTPS","Serve your site over HTTPS with a generated or imported certificate, and make browsers and phones trust it.","VS Code extensions › Auric Artisan Live","622","2026-09-25"
"vscode-extensions","vscode-extensions/auric-artisan-live/docs/inspect-requests.md","Inspect requests","See every request the Auric Live server handles, find slow or failing ones, and copy, replay or export them.","VS Code extensions › Auric Artisan Live","876","2026-09-25"
"vscode-extensions","vscode-extensions/auric-artisan-live/docs/network-simulation.md","Simulate a slow network","Slow down every client of the Auric Live server, including a phone, to test how your site behaves on slow connections.","VS Code extensions › Auric Artisan Live","401","2026-09-25"
"vscode-extensions","vscode-extensions/auric-artisan-live/docs/php-and-cgi.md","Run PHP sites","Run .php pages in Auric Live through php-cgi or the PHP built-in server, and run other CGI scripts.","VS Code extensions › Auric Artisan Live","554","2026-09-25"
"vscode-extensions","vscode-extensions/auric-artisan-live/docs/preview-and-devices.md","Preview, devices and phone testing","Preview your served site beside the editor at device sizes, and open it on a real phone with a locally generated QR code.","VS Code extensions › Auric Artisan Live","763","2026-09-25"
"vscode-extensions","vscode-extensions/auric-artisan-live/docs/project-configuration.md","Project configuration","Keep an Auric Live setup with your repository in auric.live.json, control exclusions with .auricignore-live, and understand how settings, project files and session changes combine.","VS Code extensions › Auric Artisan Live","1014","2026-09-25"
"vscode-extensions","vscode-extensions/auric-artisan-live/docs/run-targets-and-backends.md","Run a backend or framework dev server","Let Auric Live run your project's backend or framework dev server (PHP, Python, Ruby, Go, Java, Node.js and more), or connect to one already running, and serve it through one address.","VS Code extensions › Auric Artisan Live","2094","2026-09-25"
"vscode-extensions","vscode-extensions/auric-artisan-live/docs/serve-and-live-reload.md","Serve a folder with live reload","Start the Auric Live server, choose what it serves and where, and control how and when connected pages update.","VS Code extensions › Auric Artisan Live","1520","2026-09-25"
"vscode-extensions","vscode-extensions/auric-artisan-live/docs/reference.md","Reference: commands, keys and settings","Every Auric Artisan Live command, keyboard shortcut, menu entry, view and setting, with types, defaults and ranges.","VS Code extensions › Auric Artisan Live","5606","2026-09-25"
"vscode-extensions","vscode-extensions/auric-artisan-live/docs/troubleshooting.md","Troubleshooting","Symptoms, causes and fixes for common Auric Artisan Live problems, from pages that do not update to phones that cannot connect.","VS Code extensions › Auric Artisan Live","1175","2026-09-25"
"vscode-extensions","vscode-extensions/auric-artisan-live/docs/faq.md","FAQ","Short answers to common questions about Auric Artisan Live.","VS Code extensions › Auric Artisan Live","489","2026-09-25"
"vscode-extensions","vscode-extensions/auric-artisan-live/others/README.md","Supporting material","Contents of the supporting pages for Auric Artisan Live.","VS Code extensions › Auric Artisan Live","98","2026-09-25"
"vscode-extensions","vscode-extensions/auric-artisan-live/others/shortcuts.md","Shortcuts","Every keyboard shortcut Auric Artisan Live provides in VS Code, the control panel, the preview and the in-page dashboard.","VS Code extensions › Auric Artisan Live","378","2026-09-25"
"vscode-extensions","vscode-extensions/auric-artisan-live/others/glossary.md","Glossary","Plain-language definitions of the terms used in the Auric Artisan Live documentation.","VS Code extensions › Auric Artisan Live","515","2026-09-25"
"vscode-extensions","vscode-extensions/auric-artisan-live/others/limits-and-accuracy.md","Limits and safeguards","The built-in limits of Auric Artisan Live, why they exist, which ones you can change, and how to read its measurements.","VS Code extensions › Auric Artisan Live","604","2026-09-25"
"vscode-extensions","vscode-extensions/auric-artisan-live/others/privacy.md","Privacy","What Auric Artisan Live keeps on your machine, what can reach the network, and how captured data is protected.","VS Code extensions › Auric Artisan Live","389","2026-09-25"
"vscode-extensions","vscode-extensions/auric-artisan-live/others/release-notes.md","Release notes","What changed in each published version of Auric Artisan Live.","VS Code extensions › Auric Artisan Live","809","2026-09-25"
"vscode-extensions","vscode-extensions/auric-artisan-live/others/related.md","Related","Other Auric Artisan extensions and pages that work well alongside Auric Artisan Live.","VS Code extensions › Auric Artisan Live","117","2026-09-25"
"vscode-extensions","vscode-extensions/auric-artisan-file-system/README.md","Auric Artisan File System","What Auric Artisan File System does, who it is for, how to install it and where to find every guide.","VS Code extensions › Auric Artisan File System","715","2026-09-25"
"vscode-extensions","vscode-extensions/auric-artisan-file-system/docs/README.md","Auric Artisan File System guides","Contents of the Auric Artisan File System task guides and reference.","VS Code extensions › Auric Artisan File System","219","2026-09-25"
"vscode-extensions","vscode-extensions/auric-artisan-file-system/docs/getting-started.md","Getting started with Auric Artisan File System","Install Auric Artisan File System, learn where its controls live, and complete a first task.","VS Code extensions › Auric Artisan File System","1028","2026-09-25"
"vscode-extensions","vscode-extensions/auric-artisan-file-system/docs/create-files-and-structures.md","Create files and structures","Create single files and folders, sibling and child files, and whole nested structures in one line with braces and ranges.","VS Code extensions › Auric Artisan File System","853","2026-09-25"
"vscode-extensions","vscode-extensions/auric-artisan-file-system/docs/history-and-workspace-trash.md","History, undo and the workspace trash","Undo and redo Auric file operations, review the history, delete safely into the workspace trash, restore items and control the safety settings.","VS Code extensions › Auric Artisan File System","854","2026-09-25"
"vscode-extensions","vscode-extensions/auric-artisan-file-system/docs/organise-tags-groups-profiles.md","Tags, groups and profiles","Organise files without moving them, with tags, groups, virtual folders, favourites, pins, highlights, Explorer exclusions, focus mode and workspace profiles.","VS Code extensions › Auric Artisan File System","835","2026-09-25"
"vscode-extensions","vscode-extensions/auric-artisan-file-system/docs/properties-compare-export.md","Properties, compare and export","Inspect a file's properties, compare and merge files, copy paths, and export a JSON manifest of a selection.","VS Code extensions › Auric Artisan File System","941","2026-09-25"
"vscode-extensions","vscode-extensions/auric-artisan-file-system/docs/related-files.md","Related files","Jump between a file and its test, style, story, component and documentation, create missing companions, and teach Auric Files your own conventions.","VS Code extensions › Auric Artisan File System","815","2026-09-25"
"vscode-extensions","vscode-extensions/auric-artisan-file-system/docs/rename-move-and-copy.md","Rename, move and copy","Rename, move, copy and duplicate files one at a time or in batches, convert extensions, and review every change before it happens.","VS Code extensions › Auric Artisan File System","924","2026-09-25"
"vscode-extensions","vscode-extensions/auric-artisan-file-system/docs/search-filter-and-duplicates.md","Search, filters and duplicates","Search the workspace index, build and save filters, sort and group files, and review duplicate and empty files.","VS Code extensions › Auric Artisan File System","1032","2026-09-25"
"vscode-extensions","vscode-extensions/auric-artisan-file-system/docs/templates-and-generators.md","Templates and generators","Create files from templates, use the ten framework presets, and write your own templates and generators with variables, filters and conditions.","VS Code extensions › Auric Artisan File System","1436","2026-09-25"
"vscode-extensions","vscode-extensions/auric-artisan-file-system/docs/reference.md","Reference: commands, keys and settings","Every Auric Artisan File System command grouped as the product groups them, every keyboard shortcut, menu and setting, with types, defaults and ranges.","VS Code extensions › Auric Artisan File System","4857","2026-09-25"
"vscode-extensions","vscode-extensions/auric-artisan-file-system/docs/troubleshooting.md","Troubleshooting","Symptoms, causes and fixes for common Auric Artisan File System problems.","VS Code extensions › Auric Artisan File System","957","2026-09-25"
"vscode-extensions","vscode-extensions/auric-artisan-file-system/docs/faq.md","FAQ","Short answers to common questions about Auric Artisan File System.","VS Code extensions › Auric Artisan File System","413","2026-09-25"
"vscode-extensions","vscode-extensions/auric-artisan-file-system/others/README.md","Supporting material","Contents of the supporting pages for Auric Artisan File System.","VS Code extensions › Auric Artisan File System","99","2026-09-25"
"vscode-extensions","vscode-extensions/auric-artisan-file-system/others/shortcuts.md","Shortcuts","Every keyboard shortcut Auric Artisan File System declares, the six that are always on and the optional deck.","VS Code extensions › Auric Artisan File System","1739","2026-09-25"
"vscode-extensions","vscode-extensions/auric-artisan-file-system/others/glossary.md","Glossary","Plain-language definitions of the terms used in the Auric Artisan File System documentation.","VS Code extensions › Auric Artisan File System","393","2026-09-25"
"vscode-extensions","vscode-extensions/auric-artisan-file-system/others/limits-and-accuracy.md","Limits and accuracy","What Auric Artisan File System reports and how precisely, its built-in limits, and what it deliberately does not do.","VS Code extensions › Auric Artisan File System","505","2026-09-25"
"vscode-extensions","vscode-extensions/auric-artisan-file-system/others/privacy.md","Privacy","What Auric Artisan File System keeps on your machine and what, if anything, uses the network.","VS Code extensions › Auric Artisan File System","224","2026-09-25"
"vscode-extensions","vscode-extensions/auric-artisan-file-system/others/release-notes.md","Release notes","What changed in each published version of Auric Artisan File System.","VS Code extensions › Auric Artisan File System","266","2026-09-25"
"vscode-extensions","vscode-extensions/auric-artisan-file-system/others/related.md","Related","Other Auric Artisan extensions and pages that work alongside Auric Artisan File System.","VS Code extensions › Auric Artisan File System","101","2026-09-25"
"vscode-extensions","vscode-extensions/auric-artisan-font-hub/README.md","Auric Artisan Font Hub","What Auric Artisan Font Hub does, who it is for, how to install it and where to find every guide.","VS Code extensions › Auric Artisan Font Hub","733","2026-09-25"
"vscode-extensions","vscode-extensions/auric-artisan-font-hub/docs/README.md","Auric Artisan Font Hub guides","Contents of the Auric Artisan Font Hub task guides and reference.","VS Code extensions › Auric Artisan Font Hub","196","2026-09-25"
"vscode-extensions","vscode-extensions/auric-artisan-font-hub/docs/getting-started.md","Getting started with Auric Artisan Font Hub","Install Auric Artisan Font Hub, learn the sidebar and studio layout, and add a first font to a page.","VS Code extensions › Auric Artisan Font Hub","737","2026-09-25"
"vscode-extensions","vscode-extensions/auric-artisan-font-hub/docs/add-fonts-to-code.md","Add a font to your code","Add fonts from the Auric font CDN to HTML, CSS and JavaScript files with a reviewable diff, insert explicit embed formats, and add several families at once.","VS Code extensions › Auric Artisan Font Hub","845","2026-09-25"
"vscode-extensions","vscode-extensions/auric-artisan-font-hub/docs/cdn-and-browser-delivery.md","Check CDN and browser delivery","Run Font Hub's CDN health check and fix fonts that preview in VS Code but do not load on your website.","VS Code extensions › Auric Artisan Font Hub","519","2026-09-25"
"vscode-extensions","vscode-extensions/auric-artisan-font-hub/docs/find-and-compare-fonts.md","Find and compare fonts","Search and filter the Auric font library, get recommendations for a design intent, and keep favourites, recents and a selection to compare.","VS Code extensions › Auric Artisan Font Hub","1058","2026-09-25"
"vscode-extensions","vscode-extensions/auric-artisan-font-hub/docs/font-details.md","Font details","Inspect a font family in Font Hub's twelve detail tabs, from the live specimen and waterfall to glyphs, features, styles and licence.","VS Code extensions › Auric Artisan Font Hub","762","2026-09-25"
"vscode-extensions","vscode-extensions/auric-artisan-font-hub/docs/moving-from-font-library.md","Moving from Font Library","Replace the earlier Auric Artisan Font Library extension with Font Hub without duplicate commands, and know what carries over.","VS Code extensions › Auric Artisan Font Hub","184","2026-09-25"
"vscode-extensions","vscode-extensions/auric-artisan-font-hub/docs/offline-cache-and-network.md","Offline use, cache and network","What Font Hub can do offline, how it refreshes and caches catalogue data and fonts, and how to switch its network use off.","VS Code extensions › Auric Artisan Font Hub","565","2026-09-25"
"vscode-extensions","vscode-extensions/auric-artisan-font-hub/docs/self-hosting-kit.md","Export a self-hosting kit","Download fonts from Font Hub as a ZIP kit with CSS, a demo page and licence notices, for hosting on your own server.","VS Code extensions › Auric Artisan Font Hub","461","2026-09-25"
"vscode-extensions","vscode-extensions/auric-artisan-font-hub/docs/reference.md","Reference: commands, keys and settings","Every Auric Artisan Font Hub command, keyboard shortcut, menu entry, panel control and setting, with types, defaults and ranges.","VS Code extensions › Auric Artisan Font Hub","1408","2026-09-25"
"vscode-extensions","vscode-extensions/auric-artisan-font-hub/docs/troubleshooting.md","Troubleshooting","Symptoms, causes and fixes for common Auric Artisan Font Hub problems.","VS Code extensions › Auric Artisan Font Hub","612","2026-09-25"
"vscode-extensions","vscode-extensions/auric-artisan-font-hub/docs/faq.md","FAQ","Short answers to common questions about Auric Artisan Font Hub.","VS Code extensions › Auric Artisan Font Hub","330","2026-09-25"
"vscode-extensions","vscode-extensions/auric-artisan-font-hub/others/README.md","Supporting material","Contents of the supporting pages for Auric Artisan Font Hub.","VS Code extensions › Auric Artisan Font Hub","103","2026-09-25"
"vscode-extensions","vscode-extensions/auric-artisan-font-hub/others/shortcuts.md","Shortcuts","The keyboard shortcuts Auric Artisan Font Hub provides in VS Code and inside its panels.","VS Code extensions › Auric Artisan Font Hub","205","2026-09-25"
"vscode-extensions","vscode-extensions/auric-artisan-font-hub/others/glossary.md","Glossary","Plain-language definitions of the typography and delivery terms used in the Font Hub documentation.","VS Code extensions › Auric Artisan Font Hub","391","2026-09-25"
"vscode-extensions","vscode-extensions/auric-artisan-font-hub/others/limits-and-accuracy.md","Limits and accuracy","What Font Hub's scores, recommendations, checks and insertion can and cannot guarantee, and its size limits.","VS Code extensions › Auric Artisan Font Hub","387","2026-09-25"
"vscode-extensions","vscode-extensions/auric-artisan-font-hub/others/privacy.md","Privacy","What Auric Artisan Font Hub keeps on your machine and what it sends over the network.","VS Code extensions › Auric Artisan Font Hub","192","2026-09-25"
"vscode-extensions","vscode-extensions/auric-artisan-font-hub/others/release-notes.md","Release notes","What changed in each published version of Auric Artisan Font Hub.","VS Code extensions › Auric Artisan Font Hub","301","2026-09-25"
"vscode-extensions","vscode-extensions/auric-artisan-font-hub/others/related.md","Related","Other Auric Artisan extensions, tools and pages that work alongside Font Hub.","VS Code extensions › Auric Artisan Font Hub","103","2026-09-25"
"vscode-extensions","vscode-extensions/auric-artisan-formatter/README.md","Auric Artisan Formatter","What Auric Artisan Formatter does, who it is for, how to install it and where to find every guide.","VS Code extensions › Auric Artisan Formatter","692","2026-09-25"
"vscode-extensions","vscode-extensions/auric-artisan-formatter/docs/README.md","Auric Artisan Formatter guides","Contents of the Auric Artisan Formatter task guides and references.","VS Code extensions › Auric Artisan Formatter","228","2026-09-25"
"vscode-extensions","vscode-extensions/auric-artisan-formatter/docs/getting-started.md","Getting started with Auric Artisan Formatter","Install Auric Artisan Formatter, make it your formatter, learn where its controls are, and preview a first format.","VS Code extensions › Auric Artisan Formatter","643","2026-09-25"
"vscode-extensions","vscode-extensions/auric-artisan-formatter/docs/command-line.md","Command line and CI","Run the same Auric formatting engine from a terminal with auric-format, check formatting in CI, and use its flags and exit codes.","VS Code extensions › Auric Artisan Formatter","610","2026-09-25"
"vscode-extensions","vscode-extensions/auric-artisan-formatter/docs/configuration.md","Configuration","Configure Auric Artisan Formatter with presets, configuration files, per-language and per-file overrides, .editorconfig, Prettier settings, inline directives and ignore files.","VS Code extensions › Auric Artisan Formatter","980","2026-09-25"
"vscode-extensions","vscode-extensions/auric-artisan-formatter/docs/format-and-format-on-save.md","Format files and format on save","Format a document or selection, format on save (including only changed lines), format as you type, and choose which languages Auric formats.","VS Code extensions › Auric Artisan Formatter","623","2026-09-25"
"vscode-extensions","vscode-extensions/auric-artisan-formatter/docs/formatter-studio.md","Formatter Studio","Use Formatter Studio and the Explorer sidebar to try options on your own code, see the diff and the reasons, and export a configuration.","VS Code extensions › Auric Artisan Formatter","1241","2026-09-25"
"vscode-extensions","vscode-extensions/auric-artisan-formatter/docs/options-reference.md","Options reference","All 391 Auric Artisan Formatter formatting options in 17 categories, with type, default, allowed values and effect.","VS Code extensions › Auric Artisan Formatter","9214","2026-09-25"
"vscode-extensions","vscode-extensions/auric-artisan-formatter/docs/presets.md","Presets","The 13 Auric Artisan Formatter presets, what each is for and which options each sets.","VS Code extensions › Auric Artisan Formatter","923","2026-09-25"
"vscode-extensions","vscode-extensions/auric-artisan-formatter/docs/preview-diff.md","Preview formatting as a diff","See the formatted result beside your source in a read-only editor, compare the changes, and apply or discard them.","VS Code extensions › Auric Artisan Formatter","480","2026-09-25"
"vscode-extensions","vscode-extensions/auric-artisan-formatter/docs/safety-gate-and-tiers.md","The safety gate and formatting tiers","How Auric Artisan Formatter checks every result before it reaches your file, what the native and universal tiers can change, and how to see why a file was formatted as it was.","VS Code extensions › Auric Artisan Formatter","957","2026-09-25"
"vscode-extensions","vscode-extensions/auric-artisan-formatter/docs/supported-languages.md","Supported languages","Every language Auric Artisan Formatter formats, grouped by how much it can change.","VS Code extensions › Auric Artisan Formatter","964","2026-09-25"
"vscode-extensions","vscode-extensions/auric-artisan-formatter/docs/workspace-scan.md","Scan the workspace","See how many files would change before formatting a repository, review them in the Workspace tab, format them explicitly, or check without writing.","VS Code extensions › Auric Artisan Formatter","857","2026-09-25"
"vscode-extensions","vscode-extensions/auric-artisan-formatter/docs/reference.md","Reference: commands, keys and settings","Every Auric Artisan Formatter command, keyboard shortcut, menu entry, status bar state, file and editor setting.","VS Code extensions › Auric Artisan Formatter","1228","2026-09-25"
"vscode-extensions","vscode-extensions/auric-artisan-formatter/docs/troubleshooting.md","Troubleshooting","Symptoms, causes and fixes for common Auric Artisan Formatter problems.","VS Code extensions › Auric Artisan Formatter","821","2026-09-25"
"vscode-extensions","vscode-extensions/auric-artisan-formatter/docs/faq.md","FAQ","Short answers to common questions about Auric Artisan Formatter.","VS Code extensions › Auric Artisan Formatter","338","2026-09-25"
"vscode-extensions","vscode-extensions/auric-artisan-formatter/others/README.md","Supporting material","Contents of the supporting pages for Auric Artisan Formatter.","VS Code extensions › Auric Artisan Formatter","88","2026-09-25"
"vscode-extensions","vscode-extensions/auric-artisan-formatter/others/shortcuts.md","Shortcuts","The keyboard shortcuts Auric Artisan Formatter provides in VS Code and inside Formatter Studio.","VS Code extensions › Auric Artisan Formatter","220","2026-09-25"
"vscode-extensions","vscode-extensions/auric-artisan-formatter/others/glossary.md","Glossary","Plain-language definitions of the terms used in the Auric Artisan Formatter documentation.","VS Code extensions › Auric Artisan Formatter","325","2026-09-25"
"vscode-extensions","vscode-extensions/auric-artisan-formatter/others/limits-and-accuracy.md","Limits and accuracy","What Auric Artisan Formatter's safety gate guarantees, its known gaps in version 0.1.0, and its size and time limits.","VS Code extensions › Auric Artisan Formatter","368","2026-09-25"
"vscode-extensions","vscode-extensions/auric-artisan-formatter/others/privacy.md","Privacy","What Auric Artisan Formatter does with your code and settings.","VS Code extensions › Auric Artisan Formatter","146","2026-09-25"
"vscode-extensions","vscode-extensions/auric-artisan-formatter/others/release-notes.md","Release notes","What changed in each published version of Auric Artisan Formatter.","VS Code extensions › Auric Artisan Formatter","521","2026-09-25"
"vscode-extensions","vscode-extensions/auric-artisan-formatter/others/related.md","Related","Other Auric Artisan extensions and pages that work alongside the Formatter.","VS Code extensions › Auric Artisan Formatter","96","2026-09-25"
"browser-extension","browser-extension/README.md","Auric Artisan browser extension","What the Auric Artisan browser extension is, who it is for, where to get it and how to start using it.","Browser extension","1061","2026-09-25"
"browser-extension","browser-extension/docs/README.md","Browser extension documentation","The contents of the browser extension's how-to documentation, from installing to every tool and setting.","Browser extension","277","2026-09-25"
"browser-extension","browser-extension/docs/getting-started.md","Getting started","Open the extension, learn the layout of the workspace, take the tour and complete a first task in each space.","Browser extension","942","2026-09-25"
"browser-extension","browser-extension/docs/hindi-interface.md","Hindi interface","Switch the extension's interface to Hindi (हिन्दी), what is translated, what stays as it is and why, and how the browser's own texts follow its language.","Browser extension","359","2026-09-25"
"browser-extension","browser-extension/docs/permissions.md","Permissions","Every permission Auric Artisan asks for, when the browser asks, why each is needed, and how to review or revoke them.","Browser extension","628","2026-09-25"
"browser-extension","browser-extension/docs/reference.md","Reference","Every control, option, output, setting, shortcut and limit of the Auric Artisan browser extension in one place.","Browser extension","1963","2026-09-25"
"browser-extension","browser-extension/docs/troubleshooting.md","Troubleshooting","Symptoms, causes and fixes for the Auric Artisan browser extension — page tools, the eyedropper, pickers, the right-click menu, shortcuts, audits and data.","Browser extension","1378","2026-09-25"
"browser-extension","browser-extension/docs/faq.md","FAQ","Short answers to common questions about the Auric Artisan browser extension.","Browser extension","684","2026-09-25"
"browser-extension","browser-extension/docs/check/README.md","Check tools","The tools in the Check space — Contrast, Vision, Audit and Findings — and the rules the audit applies.","Browser extension › Check","263","2026-09-25"
"browser-extension","browser-extension/docs/check/all-findings.md","Findings","One list of everything the tools found — accessibility, contrast and inspection problems — ordered by severity, with actions for each.","Browser extension › Check","311","2026-09-25"
"browser-extension","browser-extension/docs/check/audit-rules.md","Audit rules","Every rule in the extension's accessibility engine, grouped by category, with its impact, WCAG 2.2 success criteria and whether the audit runs it.","Browser extension › Check","1714","2026-09-25"
"browser-extension","browser-extension/docs/check/audit.md","Audit","Audit the current page against WCAG 2.2 A and AA, read the contrast results, outline problems on the page, and export the results.","Browser extension › Check","790","2026-09-25"
"browser-extension","browser-extension/docs/check/contrast.md","Contrast","Check a text and background colour pair against WCAG 2.2 and APCA, read the verdict and size guidance, and fix the pair to the nearest passing colour.","Browser extension › Check","643","2026-09-25"
"browser-extension","browser-extension/docs/check/vision.md","Vision","See the live page through eight colour-vision deficiency and four low-vision simulations, compare side by side, and capture the result.","Browser extension › Check","448","2026-09-25"
"browser-extension","browser-extension/docs/code/README.md","Code tools","The tools in the Code space — Inspect, Tokens and Snippets — and every code format the extension can export.","Browser extension › Code","122","2026-09-25"
"browser-extension","browser-extension/docs/code/code-export.md","Code export formats","Every format the extension can copy or download, which tool produces it, and what the output looks like.","Browser extension › Code","704","2026-09-25"
"browser-extension","browser-extension/docs/code/inspect.md","Inspect","Select an element on the page and read its full snapshot in the popup — box model, styles, matched rules, accessibility, DOM, locators — and try CSS on it live.","Browser extension › Code","696","2026-09-25"
"browser-extension","browser-extension/docs/code/snippets.md","Snippets","Keep reusable code in the extension's on-device vault — save from tools or paste your own, search, filter by site, copy and export.","Browser extension › Code","360","2026-09-25"
"browser-extension","browser-extension/docs/code/tokens.md","Tokens","Read a web page's design tokens — CSS custom properties, font families and type scale — and export them as CSS, W3C tokens, a Tailwind @theme block or JSON.","Browser extension › Code","407","2026-09-25"
"browser-extension","browser-extension/docs/colour/README.md","Colour tools","The tools in the Colour space — Picker, Page palette, Image, Gradient, Mix, and the Harmony, Scale and Convert tools behind the Picker.","Browser extension › Colour","197","2026-09-25"
"browser-extension","browser-extension/docs/colour/convert.md","Convert","Type a colour in any of ten formats and read it in all the others at once, with random, invert and complement helpers.","Browser extension › Colour","205","2026-09-25"
"browser-extension","browser-extension/docs/colour/gradient.md","Gradient","Build a linear, radial or conic CSS gradient from two or more stops, choose the interpolation space, and copy or save the CSS.","Browser extension › Colour","319","2026-09-25"
"browser-extension","browser-extension/docs/colour/harmony.md","Harmony","Build a colour harmony from a base colour in nine schemes on a wheel you can drag, then copy, send or save it.","Browser extension › Colour","277","2026-09-25"
"browser-extension","browser-extension/docs/colour/image.md","Image","Build a palette from an image you drop, paste or choose, or from a capture of the visible tab, entirely on your device.","Browser extension › Colour","278","2026-09-25"
"browser-extension","browser-extension/docs/colour/mix.md","Mix","Mix two colours at any percentage in sRGB, linear RGB, LAB, OKLAB or HSL, or blend them with a blend mode, and copy the result.","Browser extension › Colour","210","2026-09-25"
"browser-extension","browser-extension/docs/colour/page-palette.md","Page palette","Read every colour a web page uses, switch between views and sorting modes, inspect a colour, and copy or export the palette.","Browser extension › Colour","565","2026-09-25"
"browser-extension","browser-extension/docs/colour/picker.md","Picker","Sample a colour from the screen or set one by hand, read it in twelve formats, and use the Picker's Specs, Harmony, Scale, Contrast, Vision and Code panes.","Browser extension › Colour","799","2026-09-25"
"browser-extension","browser-extension/docs/colour/scale.md","Scale","Generate Tailwind and Material colour scales, tints, shades and tones from one colour, inspect each step, and export the scale.","Browser extension › Colour","395","2026-09-25"
"browser-extension","browser-extension/docs/install/README.md","Install the extension","Which browsers the extension supports and how to install it on each one, from a store or from a ZIP package.","Browser extension › Install","439","2026-09-25"
"browser-extension","browser-extension/docs/install/chrome-and-chromium.md","Install on Chrome and Chromium browsers","Install Auric Artisan from the Chrome Web Store in Chrome, Brave, Vivaldi or Arc, pin it and open it.","Browser extension › Install","438","2026-09-25"
"browser-extension","browser-extension/docs/install/edge.md","Install on Microsoft Edge","Install Auric Artisan in Microsoft Edge from the Chrome Web Store listing, or load the Edge package from a ZIP.","Browser extension › Install","280","2026-09-25"
"browser-extension","browser-extension/docs/install/firefox.md","Install on Firefox","Install Auric Artisan from Firefox Add-ons, open the sidebar, and understand what differs in Firefox.","Browser extension › Install","355","2026-09-25"
"browser-extension","browser-extension/docs/install/load-from-a-zip.md","Load from a ZIP","Load an unpacked copy of Auric Artisan from the ZIP packages on the product page, in a Chromium browser or in Firefox.","Browser extension › Install","421","2026-09-25"
"browser-extension","browser-extension/docs/install/opera.md","Install on Opera","Install Auric Artisan in Opera from the Chrome Web Store listing, or load the Opera package from a ZIP.","Browser extension › Install","249","2026-09-25"
"browser-extension","browser-extension/docs/install/safari.md","Safari","Auric Artisan is not published for Safari; how to convert the Chromium package yourself on macOS, and what to expect.","Browser extension › Install","232","2026-09-25"
"browser-extension","browser-extension/docs/install/update-and-remove.md","Update and remove","How Auric Artisan updates, how to update a copy loaded from a ZIP, how to keep your data across a reinstall, and how to uninstall.","Browser extension › Install","382","2026-09-25"
"browser-extension","browser-extension/docs/on-websites/README.md","On websites","The optional features that work on websites themselves — Auric pickers for form controls, the compact colour picker, the custom right-click menu — and the entries in the browser's own menu.","Browser extension › On websites","215","2026-09-25"
"browser-extension","browser-extension/docs/on-websites/browser-menu-items.md","Browser menu items","The Auric Artisan entries added to the browser's own right-click menu and toolbar-icon menu, what each does, and how to turn them off.","Browser extension › On websites","243","2026-09-25"
"browser-extension","browser-extension/docs/on-websites/colour-picker-on-pages.md","Colour picker on pages","The compact Auric colour picker that replaces a website's colour inputs — its layout, formats, the five panes, opacity and theme.","Browser extension › On websites","349","2026-09-25"
"browser-extension","browser-extension/docs/on-websites/for-site-owners.md","For site owners","How a website can keep its form controls native and keep the browser's right-click menu for visitors who use the Auric Artisan extension.","Browser extension › On websites","316","2026-09-25"
"browser-extension","browser-extension/docs/on-websites/right-click-menu.md","Right-click menu","The extension's optional right-click menu for websites — turning it on, scenes and their actions, the header, quick bar, filter, submenus, pinning, the gear, keys, and stepping aside.","Browser extension › On websites","1409","2026-09-25"
"browser-extension","browser-extension/docs/on-websites/website-pickers.md","Website pickers","Give a website's form controls Auric pickers — colour, select, multi-select, suggestions, dates, times, number, range, file, checkbox and radio — and control where they apply.","Browser extension › On websites","622","2026-09-25"
"browser-extension","browser-extension/docs/saved/README.md","Saved","The Saved space — your colour library and palettes, your colour history, and links to the full-size tools on auricartisan.com.","Browser extension › Saved","111","2026-09-25"
"browser-extension","browser-extension/docs/saved/history.md","History","The extension's colour history — your last 50 colours, how to copy or reopen them, clear them, or turn history off.","Browser extension › Saved","219","2026-09-25"
"browser-extension","browser-extension/docs/saved/library.md","Library","Save colours and palettes to the extension's library, reuse them, remove them and export them as JSON.","Browser extension › Saved","311","2026-09-25"
"browser-extension","browser-extension/docs/saved/on-the-web.md","On the web","The links from the extension to the full-size tools and libraries on auricartisan.com.","Browser extension › Saved","250","2026-09-25"
"browser-extension","browser-extension/docs/settings/README.md","Settings","How to open the extension's Settings view, how it saves, and what each of its six sections holds.","Browser extension › Settings","388","2026-09-25"
"browser-extension","browser-extension/docs/settings/appearance.md","Appearance settings","Choose the extension's theme, accent colour, popup size and interface language.","Browser extension › Settings","344","2026-09-25"
"browser-extension","browser-extension/docs/settings/data.md","Data settings","See how much the extension stores, back up and restore everything, move settings through the clipboard, and clear or reset data.","Browser extension › Settings","373","2026-09-25"
"browser-extension","browser-extension/docs/settings/pickers.md","Pickers settings","Turn the website pickers on or off, choose which control types they enhance, respect designed controls, and list sites where they never run.","Browser extension › Settings","267","2026-09-25"
"browser-extension","browser-extension/docs/settings/right-click.md","Right-click settings","Turn the custom right-click menu on or off, let sites keep their own menus, control the browser menu entries, and set the quick bar, layout, row height, excluded sites and permissions.","Browser extension › Settings","412","2026-09-25"
"browser-extension","browser-extension/docs/settings/tools.md","Tools settings","Set how colours are copied and named, whether APCA is shown, history and sound, and how deep the page audit goes.","Browser extension › Settings","225","2026-09-25"
"browser-extension","browser-extension/docs/settings/shortcuts.md","Shortcuts settings","The keyboard map in Settings, how to change the browser-level shortcuts, and how to replay the tour.","Browser extension › Settings","202","2026-09-25"
"browser-extension","browser-extension/docs/surfaces/README.md","Surfaces","The places the extension appears — the popup, Home, search, the side panel, the page itself and the element inspector.","Browser extension › Surfaces","239","2026-09-25"
"browser-extension","browser-extension/docs/surfaces/home.md","Home","What Home shows — colour of the day, one-click actions for the current page, recent colours, Continue, pinned tools and links to auricartisan.com.","Browser extension › Surfaces","429","2026-09-25"
"browser-extension","browser-extension/docs/surfaces/inspector.md","Element inspector","Inspect any element on a page — the hover card, the pinned card with contrast first, its seven sections, copying, and every key.","Browser extension › Surfaces","1056","2026-09-25"
"browser-extension","browser-extension/docs/surfaces/on-the-page.md","On the page","Everything the extension can draw on a website, when it appears, how it is isolated from the site, and how to remove it.","Browser extension › Surfaces","615","2026-09-25"
"browser-extension","browser-extension/docs/surfaces/popup.md","The popup","A tour of the popup — header, search, spaces, the site chip, tool chips, sizes, the separate window and keyboard movement.","Browser extension › Surfaces","601","2026-09-25"
"browser-extension","browser-extension/docs/surfaces/search.md","Search","Find any tool, setting, action or auricartisan.com page by name from the search field, and how results are ordered.","Browser extension › Surfaces","351","2026-09-25"
"browser-extension","browser-extension/docs/surfaces/side-panel.md","Side panel","Dock the Auric Artisan workspace beside the page in the Chromium side panel or the Firefox sidebar, and what changes there.","Browser extension › Surfaces","397","2026-09-25"
"browser-extension","browser-extension/docs/workflows/README.md","Workflows","End-to-end tasks that combine several of the extension's tools, step by step.","Browser extension › Workflows","202","2026-09-25"
"browser-extension","browser-extension/docs/workflows/audit-a-page-and-fix-contrast.md","Audit a page and fix contrast","Run the audit on a page, see its contrast problems on the page, fix a failing colour pair, review the other findings and export a record.","Browser extension › Workflows","469","2026-09-25"
"browser-extension","browser-extension/docs/workflows/back-up-and-move-your-data.md","Back up and move your data","Back up your settings, colour history, library and snippets to a file, restore them, and move them to another browser or computer.","Browser extension › Workflows","273","2026-09-25"
"browser-extension","browser-extension/docs/workflows/build-a-colour-scale-for-tailwind.md","Build a colour scale for Tailwind","Turn one colour into a named, perceptually even Tailwind v4 scale from 50 to 950, check it, and keep it as a snippet.","Browser extension › Workflows","288","2026-09-25"
"browser-extension","browser-extension/docs/workflows/check-and-fix-a-brand-colour.md","Check and fix a brand colour","Test a brand colour as text and as a background in WCAG and APCA, see it through colour-vision simulations, and find accessible variants that keep its hue.","Browser extension › Workflows","390","2026-09-25"
"browser-extension","browser-extension/docs/workflows/extract-a-sites-design-system.md","Extract a site's design system","Read a website's colours, CSS variables, fonts and type scale, and export them as W3C design tokens, Tailwind or CSS.","Browser extension › Workflows","351","2026-09-25"
"browser-extension","browser-extension/docs/workflows/inspect-and-debug-an-element.md","Inspect and debug an element","Find why an element looks the way it does, check its accessibility, try a CSS fix live on the page, and copy the result.","Browser extension › Workflows","347","2026-09-25"
"browser-extension","browser-extension/docs/workflows/review-a-page-for-colour-blindness.md","Review a page for colour blindness","Check that a page does not rely on colour alone, using the vision simulations, side-by-side comparison and the contrast checker.","Browser extension › Workflows","332","2026-09-25"
"browser-extension","browser-extension/others/README.md","Other material","Background material for the browser extension — glossary, shortcuts, limits and accuracy, related tools, release notes and privacy.","Browser extension","158","2026-09-25"
"browser-extension","browser-extension/others/shortcuts.md","Keyboard shortcuts","Every keyboard shortcut in the Auric Artisan browser extension — browser-level shortcuts, the popup, the element inspector and the right-click menu.","Browser extension","498","2026-09-25"
"browser-extension","browser-extension/others/glossary.md","Glossary","Plain-language definitions of the colour, contrast, accessibility and browser terms used in the browser extension documentation.","Browser extension","982","2026-09-25"
"browser-extension","browser-extension/others/limits-and-accuracy.md","Limits and accuracy","What each of the extension's checks measures, how precisely, where it can be wrong, and what it is not a substitute for.","Browser extension","659","2026-09-25"
"browser-extension","browser-extension/others/privacy.md","Privacy","What the Auric Artisan browser extension keeps, where, for how long, what uses the network, and how to delete it.","Browser extension","680","2026-09-25"
"browser-extension","browser-extension/others/release-notes.md","Release notes","What changed in each version of the Auric Artisan browser extension, and what is built for the next release.","Browser extension","1765","2026-09-25"
"browser-extension","browser-extension/others/related.md","Related tools","Website tools, VS Code extensions and other Auric Artisan products that pair with the browser extension.","Browser extension","306","2026-09-25"
"services","services/README.md","Services","The Auric Artisan services you can use from your own sites and code — the Font CDN, the Icon CDN and the public REST API.","Services","106","2026-09-25"
"services","services/font-cdn/README.md","Font CDN","What the Auric Artisan Font CDN at fonts.auricartisan.com serves, who it is for, and how to put a font on your page in a few steps.","Services › Font CDN","491","2026-09-25"
"services","services/font-cdn/docs/README.md","Font CDN documentation","The contents of the Font CDN documentation, from a first embed to the loader API and self-hosting.","Services › Font CDN","163","2026-09-25"
"services","services/font-cdn/docs/getting-started.md","Getting started","How the Font CDN is organised — family ids, stylesheets and font files — and how to put a first family on a page.","Services › Font CDN","346","2026-09-25"
"services","services/font-cdn/docs/embed-a-family.md","Embed a family","Every way to embed a Font CDN family — link tag, CSS @import, @font-face rules and usage CSS — plus weights, italics, variable axes and several families at once.","Services › Font CDN","494","2026-09-25"
"services","services/font-cdn/docs/find-a-family.md","Find a family","Find a family and its id for the Font CDN, on the Font Library page or from JavaScript, and read what the catalogue records about it.","Services › Font CDN","265","2026-09-25"
"services","services/font-cdn/docs/self-host-a-family.md","Self-host a family","Download a font kit from the Font Library, understand what it contains, and serve the family from your own site.","Services › Font CDN","422","2026-09-25"
"services","services/font-cdn/docs/use-the-loader.md","Use the loader","Load Font CDN families with the font-cdn.js script tag or its AuricFonts JavaScript API, and configure where it loads from.","Services › Font CDN","651","2026-09-25"
"services","services/font-cdn/docs/reference.md","Reference","Every URL pattern, file, loader attribute, method and snippet of the Auric Artisan Font CDN.","Services › Font CDN","972","2026-09-25"
"services","services/font-cdn/docs/troubleshooting.md","Troubleshooting","Why a Font CDN family might not appear or look right, and what to do.","Services › Font CDN","489","2026-09-25"
"services","services/font-cdn/docs/faq.md","FAQ","Short answers to common questions about the Auric Artisan Font CDN.","Services › Font CDN","318","2026-09-25"
"services","services/font-cdn/others/README.md","Other material","Background material for the Font CDN — glossary, licences, limits and accuracy, related tools and privacy.","Services › Font CDN","119","2026-09-25"
"services","services/font-cdn/others/licences.md","Licences","The licences that cover the fonts on the Font CDN, what they allow, where to find each family's licence, and how to comply.","Services › Font CDN","461","2026-09-25"
"services","services/font-cdn/others/glossary.md","Glossary","Definitions of the type and web-font terms used in the Font CDN documentation.","Services › Font CDN","329","2026-09-25"
"services","services/font-cdn/others/limits-and-accuracy.md","Limits and accuracy","What the Font CDN's catalogue data — categories, scores, licences, script coverage — can and cannot tell you, and the CDN's practical limits.","Services › Font CDN","324","2026-09-25"
"services","services/font-cdn/others/privacy.md","Privacy","What a page that uses the Font CDN requests from it, and what the loader script does and does not do.","Services › Font CDN","206","2026-09-25"
"services","services/font-cdn/others/related.md","Related","The Font Library page, the VS Code Font Hub, the Icon CDN and other related Auric Artisan products.","Services › Font CDN","105","2026-09-25"
"services","services/icon-cdn/README.md","Icon CDN","What the Auric Artisan Icon CDN at icons.auricartisan.com serves, who it is for, and how to put an icon on your page in a few steps.","Services › Icon CDN","482","2026-09-25"
"services","services/icon-cdn/docs/README.md","Icon CDN documentation","The contents of the Icon CDN documentation, from a first icon to the loader API, styling and self-hosting.","Services › Icon CDN","169","2026-09-25"
"services","services/icon-cdn/docs/getting-started.md","Getting started","How the Icon CDN is organised, how icons are named, and how to put a first icon on a page.","Services › Icon CDN","368","2026-09-25"
"services","services/icon-cdn/docs/collections.md","Collections","The seven icon sets on the Icon CDN — their styles, icon counts, grids, whether they are stroke-based, and their licences.","Services › Icon CDN","486","2026-09-25"
"services","services/icon-cdn/docs/embed-an-icon.md","Embed an icon","Every way to put an Icon CDN icon on a page — loader placeholders, inline SVG, a React component, a data-URI image, direct SVG files and the Material and Remix webfonts.","Services › Icon CDN","502","2026-09-25"
"services","services/icon-cdn/docs/export-and-self-host.md","Export and self-host","Export icons from the Icon Library as a ZIP of SVG files or an SVG sprite, download single icons, and host icons or the loader yourself.","Services › Icon CDN","369","2026-09-25"
"services","services/icon-cdn/docs/style-size-and-colour.md","Style, size and colour","Choose an icon's style, give it a size, colour it and change its stroke width, with the loader, CSS or the Icon Library.","Services › Icon CDN","388","2026-09-25"
"services","services/icon-cdn/docs/use-the-loader.md","Use the loader","Render Icon CDN icons with the icon-cdn.js placeholders and the AuricIcons JavaScript API, including icons added after the page loads.","Services › Icon CDN","567","2026-09-25"
"services","services/icon-cdn/docs/reference.md","Reference","Every URL pattern, set, style, loader attribute, method and export of the Auric Artisan Icon CDN.","Services › Icon CDN","753","2026-09-25"
"services","services/icon-cdn/docs/troubleshooting.md","Troubleshooting","Why an Icon CDN icon might not appear, appear huge, show the wrong icon or ignore its colour, and what to do.","Services › Icon CDN","389","2026-09-25"
"services","services/icon-cdn/docs/faq.md","FAQ","Short answers to common questions about the Auric Artisan Icon CDN.","Services › Icon CDN","282","2026-09-25"
"services","services/icon-cdn/others/README.md","Other material","Background material for the Icon CDN — glossary, licences, limits and accuracy, related tools and privacy.","Services › Icon CDN","115","2026-09-25"
"services","services/icon-cdn/others/licences.md","Licences","The licence of each icon set on the Icon CDN, what it allows, and how to comply when you use or ship the icons.","Services › Icon CDN","360","2026-09-25"
"services","services/icon-cdn/others/glossary.md","Glossary","Definitions of the icon and SVG terms used in the Icon CDN documentation.","Services › Icon CDN","262","2026-09-25"
"services","services/icon-cdn/others/limits-and-accuracy.md","Limits and accuracy","What the Icon CDN's names, categories, search and counts can and cannot tell you, and its practical limits.","Services › Icon CDN","278","2026-09-25"
"services","services/icon-cdn/others/privacy.md","Privacy","What a page that uses the Icon CDN requests from it, and what the loader script does and does not do.","Services › Icon CDN","199","2026-09-25"
"services","services/icon-cdn/others/related.md","Related","The Icon Library page, VS Code icon extensions, the Font CDN and other related Auric Artisan products.","Services › Icon CDN","87","2026-09-25"
"services","services/public-api/README.md","Auric Artisan REST API","What the Auric Artisan REST API is, who it is for, where to find it, and how to make a first call.","Services › Public API","618","2026-09-25"
"services","services/public-api/docs/README.md","Public API documentation","The contents of the public API documentation, from creating a key to every endpoint, error and limit.","Services › Public API","186","2026-09-25"
"services","services/public-api/docs/getting-started.md","Getting started","Get an API key from your dashboard, make a first request, and read the response and its usage headers.","Services › Public API","373","2026-09-25"
"services","services/public-api/docs/authentication.md","Authentication","How to authenticate with the Auric Artisan API — API keys, the CLI's OAuth bearer token, keeping keys safe, and revoking them.","Services › Public API","327","2026-09-25"
"services","services/public-api/docs/errors.md","Errors","The Auric Artisan API's error format, every error code with its HTTP status, what each means, and how to respond.","Services › Public API","540","2026-09-25"
"services","services/public-api/docs/examples.md","Request examples","Ready-to-run requests for common tasks with the Auric Artisan API.","Services › Public API","92","2026-09-25"
"services","services/public-api/docs/plans-credits-and-quotas.md","Plans, credits and quotas","What each plan includes, how credits are charged per endpoint, rate limits, overage, spend caps, the hard ceiling, and the headers that report usage.","Services › Public API","828","2026-09-25"
"services","services/public-api/docs/sdks-and-tooling.md","SDKs and tooling","The official clients and integrations for the Auric Artisan API — JavaScript, Python, the CLI, an MCP server, a Postman collection and GraphQL.","Services › Public API","252","2026-09-25"
"services","services/public-api/docs/reference.md","Reference","Every customer endpoint of the Auric Artisan REST API with its method, authentication, credit cost and purpose, plus the headers, input formats, plans and limits.","Services › Public API","2309","2026-09-25"
"services","services/public-api/docs/troubleshooting.md","Troubleshooting","Common problems with the Auric Artisan API — keys, plans, limits, credits, inputs, collections and the analyzer — and how to fix them.","Services › Public API","712","2026-09-25"
"services","services/public-api/docs/faq.md","FAQ","Short answers to common questions about the Auric Artisan REST API.","Services › Public API","423","2026-09-25"
"services","services/public-api/docs/endpoints/README.md","Endpoints","The groups of endpoints in the Auric Artisan REST API, with a page for each group.","Services › Public API","283","2026-09-25"
"services","services/public-api/docs/endpoints/accessibility.md","Accessibility","Check colour pairs against WCAG 2.2 and APCA, get accessible alternatives, audit images and palettes, map accessible foregrounds on a background, and browse the contrast corpus.","Services › Public API","883","2026-09-25"
"services","services/public-api/docs/endpoints/analyzer.md","Analyzer","Audit web pages from their markup through the API — stages and scope, what page source can and cannot answer, why there is no overall score, rendering reports, errors, recipes and costs.","Services › Public API","1502","2026-09-25"
"services","services/public-api/docs/endpoints/collections.md","Collections","Browse the colour atlas, find the nearest catalogued colour, and filter the palette, harmony, gradient and shade-scale collections.","Services › Public API","1178","2026-09-25"
"services","services/public-api/docs/endpoints/colour-and-science.md","Colour and colour science","Convert colours, check a contrast ratio, and use the 63-space colour registry, dossiers, Delta E, colour temperature, illuminants and difference metrics.","Services › Public API","687","2026-09-25"
"services","services/public-api/docs/endpoints/discovery.md","Discovery endpoints","The public endpoints that describe the API itself — index, health, readiness, methods, formats, tiers, status, metrics, catalogue and documentation.","Services › Public API","414","2026-09-25"
"services","services/public-api/docs/endpoints/palettes-harmonies-gradients-shades.md","Palettes, harmonies, gradients and shades","Generate, score, classify, analyse, export and render palettes, harmonies, gradients and shade scales.","Services › Public API","1059","2026-09-25"
"services","services/public-api/docs/endpoints/tokens-and-personalisation.md","Design tokens and personalisation","Generate a contrast-checked design-token system from one colour, export it for ten platforms, and run the brief-driven palette search and design-system generator.","Services › Public API","1002","2026-09-25"
"services","services/public-api/docs/endpoints/usage-jobs-webhooks-graphql.md","Usage, jobs, webhooks and GraphQL","Read your usage history and live feed, run long work as asynchronous jobs, subscribe to webhooks, and query the API through GraphQL.","Services › Public API","470","2026-09-25"
"services","services/public-api/docs/endpoints/vision-and-ishihara.md","Vision and Ishihara","Simulate colour-vision deficiencies for a colour, a palette or an image, find pairs that become indistinguishable, and generate Ishihara plates.","Services › Public API","563","2026-09-25"
"services","services/public-api/others/README.md","Other material","Background material for the public API — glossary, limits and accuracy, related products, release notes and privacy.","Services › Public API","113","2026-09-25"
"services","services/public-api/others/glossary.md","Glossary","Definitions of the API, colour-science and accessibility terms used in the public API documentation.","Services › Public API","515","2026-09-25"
"services","services/public-api/others/limits-and-accuracy.md","Limits and accuracy","What the Auric Artisan API's results measure, how precisely, and where they need judgement.","Services › Public API","367","2026-09-25"
"services","services/public-api/others/privacy.md","Privacy","What the Auric Artisan API keeps about your keys and usage, and what analyzer requests fetch, as its documentation describes.","Services › Public API","226","2026-09-25"
"services","services/public-api/others/release-notes.md","Release notes","The dated changes to the public API that its documentation states.","Services › Public API","216","2026-09-25"
"services","services/public-api/others/related.md","Related","The dashboard, website tools and other Auric Artisan products that relate to the public API.","Services › Public API","133","2026-09-25"
"design-tool-plugins","design-tool-plugins/README.md","Design tool plugins","Which Auric Artisan plugins for design tools and launchers exist, what they are planned to do, and why none can be installed yet.","Design tool plugins","478","2026-09-25"
"help","help/README.md","Help","General help for Auric Artisan — frequently asked questions, a glossary, troubleshooting, accessibility, privacy, and how to get support.","Help","218","2026-09-25"
"help","help/accessibility.md","Accessibility of the site","How to use the Auric Artisan website with a keyboard, a screen reader or comfort settings, what the site aims to support, its known limits, and how to report a barrier.","Help","674","2026-09-25"
"help","help/contact-and-support.md","Contact and support","How to reach Auric Artisan — choosing the right topic and inbox, reply times, attaching screenshots, what to include, and what happens after you send.","Help","875","2026-09-25"
"help","help/troubleshooting.md","Troubleshooting","Fixes for general Auric Artisan problems — browser support, pages that look out of date, cookies and consent, sign-in, payments, offline use, language and theme, and clearing site data.","Help","1264","2026-09-25"
"help","help/faq.md","Frequently asked questions","Short answers to common questions about Auric Artisan — the platform, the tools, accounts, payments, privacy, languages, offline use and the other products.","Help","804","2026-09-25"
"help","help/glossary.md","Glossary","Plain-language definitions of the general, accessibility and colour-science terms used across Auric Artisan's tools and documentation.","Help","1380","2026-09-25"
"help","help/privacy.md","Privacy overview","What Auric Artisan stores in your browser, what it sends to its servers and third parties, how analytics consent works, what each product collects, and how to use your privacy rights.","Help","897","2026-09-25"
